weather_date,province,region,temperature,humidity,precipitation,wind_speed,pressure,weather_code,source
1/1/2025,Cà Mau,South,27,69.75,0,6.375,1009.4875,803,Wunderground
1/2/2025,Cà Mau,South,27.875,66,0,6.75,1009.8125,803,Wunderground
1/3/2025,Cà Mau,South,27.5,74.25,0,3.875,1010.1875,803,Wunderground
1/4/2025,Cà Mau,South,27.25,77.25,0,3.25,1010,803,Wunderground
1/5/2025,Cà Mau,South,26.625,70.5,0,4.5,1011.3,803,Wunderground
1/6/2025,Cà Mau,South,26.375,69.75,0,2.375,1011.2625,803,Wunderground
1/7/2025,Cà Mau,South,26.875,67.625,0,5.875,1011.4,803,Wunderground
1/8/2025,Cà Mau,South,27.375,70.75,0,4.25,1010.8625,803,Wunderground
1/9/2025,Cà Mau,South,27.375,72.25,5,4.25,1011.9375,803,Wunderground
1/10/2025,Cà Mau,South,27.25,74.875,0.1,4.625,1012.8375,803,Wunderground
1/11/2025,Cà Mau,South,26,70.375,0.1,7.25,1013.85,803,Wunderground
1/12/2025,Cà Mau,South,24.75,65.625,0,7.625,1013.325,803,Wunderground
1/13/2025,Cà Mau,South,24.375,61.625,0,7.75,1012.775,803,Wunderground
1/14/2025,Cà Mau,South,26,64,0,7.25,1011.975,803,Wunderground
1/15/2025,Cà Mau,South,27.375,76.875,0.4,7.25,1011.525,803,Wunderground
1/16/2025,Cà Mau,South,27.5,73.125,0,7.75,1011.925,803,Wunderground
1/17/2025,Cà Mau,South,26.25,71.25,0,7.125,1011.625,803,Wunderground
1/18/2025,Cà Mau,South,26.75,72.375,0,6,1010.9,803,Wunderground
1/19/2025,Cà Mau,South,26.875,75.625,0,4.375,1010.0875,803,Wunderground
1/20/2025,Cà Mau,South,26.25,73.75,0,5.125,1009.4625,803,Wunderground
1/21/2025,Cà Mau,South,25.875,73.5,0,5.125,1009.8,803,Wunderground
1/22/2025,Cà Mau,South,25.625,75.75,0,3,1009.925,803,Wunderground
1/23/2025,Cà Mau,South,26.625,74.875,0,4.25,1010.1,803,Wunderground
1/24/2025,Cà Mau,South,26.625,77,0,5.5,1009.05,803,Wunderground
1/25/2025,Cà Mau,South,27.125,76,0,4.125,1009.4,803,Wunderground
1/26/2025,Cà Mau,South,26.375,76.875,0,4.25,1009.975,803,Wunderground
1/27/2025,Cà Mau,South,26.375,69.75,0,8.125,1009.775,803,Wunderground
1/28/2025,Cà Mau,South,25.5,69.125,0,6.625,1012.3625,803,Wunderground
1/29/2025,Cà Mau,South,25.875,67,0,5.5,1013.35,803,Wunderground
1/30/2025,Cà Mau,South,25.5,68.75,0,5.125,1011.0125,803,Wunderground
1/31/2025,Cà Mau,South,25.875,72,0,3.625,1009.7875,803,Wunderground
2/1/2025,Cà Mau,South,26.5,72,0,3.75,1008.725,803,Wunderground
2/2/2025,Cà Mau,South,26.5,72.625,0,4.25,1008.6625,803,Wunderground
2/3/2025,Cà Mau,South,26.5,73.875,0,3.875,1009.725,803,Wunderground
2/4/2025,Cà Mau,South,26.375,70.875,0,5.625,1010.45,803,Wunderground
2/5/2025,Cà Mau,South,26,73.125,0,6.125,1009.975,803,Wunderground
2/6/2025,Cà Mau,South,26,73.25,0,4,1009.8125,803,Wunderground
2/7/2025,Cà Mau,South,26.125,72.75,0,3,1010.4875,803,Wunderground
2/8/2025,Cà Mau,South,26.125,71.375,0,3.75,1010.5875,803,Wunderground
2/9/2025,Cà Mau,South,26,68.25,0,3.25,1010.775,803,Wunderground
2/10/2025,Cà Mau,South,26.75,73.625,0,2.5,1010.875,803,Wunderground
2/11/2025,Cà Mau,South,27.25,76.625,0,5.125,1010.725,803,Wunderground
2/12/2025,Cà Mau,South,27.375,78,0,3.375,1010.8375,803,Wunderground
2/13/2025,Cà Mau,South,27.25,74.5,0,5.125,1010.825,803,Wunderground
2/14/2025,Cà Mau,South,27.5,75.125,0,4.75,1010.1875,803,Wunderground
2/15/2025,Cà Mau,South,27.875,75.375,0,5.125,1009.4,803,Wunderground
2/16/2025,Cà Mau,South,27.875,72.125,0,3.625,1010.7,803,Wunderground
2/17/2025,Cà Mau,South,27.5,69.875,0,4.75,1011.2375,803,Wunderground
2/18/2025,Cà Mau,South,28,69.71428571,0,5.428571429,1011.185714,803,Wunderground
2/19/2025,Cà Mau,South,27.375,73.25,0.1,4.125,1010.6625,803,Wunderground
2/20/2025,Cà Mau,South,28,69.875,0,6.625,1010.75,803,Wunderground
2/21/2025,Cà Mau,South,28.125,71.875,0,7.125,1011.6625,803,Wunderground
2/22/2025,Cà Mau,South,28.375,70.625,0,8.625,1011.6125,803,Wunderground
2/23/2025,Cà Mau,South,27.625,76.25,1,10.5,1012.35,803,Wunderground
2/24/2025,Cà Mau,South,28.5,70.25,0,13.5,1012.6,803,Wunderground
2/25/2025,Cà Mau,South,28.75,67.625,0,11.375,1013.2125,803,Wunderground
2/26/2025,Cà Mau,South,28.625,68.375,0,9,1012.8625,803,Wunderground
2/27/2025,Cà Mau,South,28.625,70.375,0,8,1011.9125,803,Wunderground
2/28/2025,Cà Mau,South,28,71.42857143,0,7.714285714,1011.828571,803,Wunderground
3/1/2025,Cà Mau,South,27.25,74.375,0,4.375,1010.575,803,Wunderground
3/2/2025,Cà Mau,South,26.625,76.875,0,3.875,1009.3875,803,Wunderground
3/3/2025,Cà Mau,South,27.5,72.875,0,2.5,1008.95,803,Wunderground
3/4/2025,Cà Mau,South,28.625,73.125,0,3.125,1008.5875,803,Wunderground
3/5/2025,Cà Mau,South,29.125,72.125,0,3.75,1007.3125,803,Wunderground
3/6/2025,Cà Mau,South,28.625,70.375,0,5,1008.775,803,Wunderground
3/7/2025,Cà Mau,South,27.875,75.625,6.3,5.875,1009.3,803,Wunderground
3/8/2025,Cà Mau,South,28.25,70,0,11.375,1009.0625,803,Wunderground
3/9/2025,Cà Mau,South,28.5,67.25,0,7.25,1010.9625,803,Wunderground
3/10/2025,Cà Mau,South,28.625,69.625,0,9.75,1011.6125,803,Wunderground
3/11/2025,Cà Mau,South,28.75,71.75,0,8.125,1010.55,803,Wunderground
3/12/2025,Cà Mau,South,28.625,74.75,0,5.875,1009.4625,803,Wunderground
3/13/2025,Cà Mau,South,28.25,73.125,0,5.875,1009.4625,803,Wunderground
3/14/2025,Cà Mau,South,28.375,75.5,0,5,1009.875,803,Wunderground
3/15/2025,Cà Mau,South,28,73.875,0,2.875,1010.2625,803,Wunderground
3/16/2025,Cà Mau,South,28.125,73.25,0,2.375,1009.925,803,Wunderground
3/17/2025,Cà Mau,South,28.5,73.125,0,4.25,1010.0625,803,Wunderground
3/18/2025,Cà Mau,South,28.5,70.75,0,8,1010.6875,803,Wunderground
3/19/2025,Cà Mau,South,28.42857143,66.85714286,0,10.71428571,1012.4,803,Wunderground
3/20/2025,Cà Mau,South,27.625,66.375,0,6,1013.2625,803,Wunderground
3/21/2025,Cà Mau,South,27.625,73.25,0,4.625,1013.65,803,Wunderground
3/22/2025,Cà Mau,South,28.375,67.875,0,8.75,1012.5125,803,Wunderground
3/23/2025,Cà Mau,South,27.75,72.75,0,4.625,1012.3625,803,Wunderground
3/24/2025,Cà Mau,South,27.375,75.25,0,2.375,1010.9125,803,Wunderground
3/25/2025,Cà Mau,South,27.125,75.25,0,4.125,1009.1125,803,Wunderground
3/26/2025,Cà Mau,South,27.875,74.75,0,3.25,1007.45,803,Wunderground
3/27/2025,Cà Mau,South,28,72.625,0,4.25,1007.9875,803,Wunderground
3/28/2025,Cà Mau,South,27.875,72,0,5.125,1006.7125,803,Wunderground
3/29/2025,Cà Mau,South,28.25,68.625,0,4,1007.875,803,Wunderground
3/30/2025,Cà Mau,South,28.5,75.125,0,4.75,1009.8,803,Wunderground
3/31/2025,Cà Mau,South,27.375,81.375,70.5,4.75,1009.475,803,Wunderground
4/1/2025,Cà Mau,South,28.75,74.75,6.7,4.875,1009.125,803,Wunderground
4/2/2025,Cà Mau,South,28.125,75.75,0.1,9,1010.1125,803,Wunderground
4/3/2025,Cà Mau,South,27.75,74.25,1.3,6.375,1010.725,803,Wunderground
4/4/2025,Cà Mau,South,28.25,71.75,0,4.25,1010.2625,803,Wunderground
4/5/2025,Cà Mau,South,28.5,74,0,5.125,1010.0625,803,Wunderground
4/6/2025,Cà Mau,South,28.375,74.5,0,4.625,1009.7875,803,Wunderground
4/7/2025,Cà Mau,South,29,69.625,0,4.25,1009.3625,803,Wunderground
4/8/2025,Cà Mau,South,29,73,0,4.75,1011.2375,803,Wunderground
4/9/2025,Cà Mau,South,28.42857143,77,0,5,1011.114286,803,Wunderground
4/10/2025,Cà Mau,South,28.5,78,0,3.375,1009.125,803,Wunderground
4/11/2025,Cà Mau,South,29.75,73.625,0,4.25,1008.8,803,Wunderground
4/12/2025,Cà Mau,South,29,76,5,4.625,1008.9,803,Wunderground
4/13/2025,Cà Mau,South,29.625,73.375,0,2.875,1008.8375,803,Wunderground
4/14/2025,Cà Mau,South,29.375,72.125,3.1,4.75,1010.1875,803,Wunderground
4/15/2025,Cà Mau,South,28.75,76,2.1,5.875,1009.875,803,Wunderground
4/16/2025,Cà Mau,South,28.75,76.5,7.5,5.125,1009.875,803,Wunderground
4/17/2025,Cà Mau,South,29.375,73,0,5.125,1009.6375,803,Wunderground
4/18/2025,Cà Mau,South,29.57142857,73.42857143,0,4.428571429,1008.914286,803,Wunderground
4/19/2025,Cà Mau,South,30,69.75,0,3.875,1008.9,803,Wunderground
4/20/2025,Cà Mau,South,29.75,69,0,4.625,1009.575,803,Wunderground
4/21/2025,Cà Mau,South,29.875,69.875,0,3,1010.35,803,Wunderground
4/22/2025,Cà Mau,South,29.125,74.125,2.8,4.625,1009.725,803,Wunderground
4/23/2025,Cà Mau,South,29.375,73.375,0,4.125,1009.025,803,Wunderground
4/24/2025,Cà Mau,South,28.5,78.625,37.5,5,1008.2875,803,Wunderground
4/25/2025,Cà Mau,South,29.375,74.375,0,5,1008.4125,803,Wunderground
4/26/2025,Cà Mau,South,29.75,71.125,0,5.375,1008.5375,803,Wunderground
4/27/2025,Cà Mau,South,30,69,0,4.625,1008.5,803,Wunderground
4/28/2025,Cà Mau,South,30.25,69,0,3.75,1007.975,803,Wunderground
4/29/2025,Cà Mau,South,29.875,71.875,0,2,1008.4625,803,Wunderground
4/30/2025,Cà Mau,South,29.875,68.75,3.1,4.5,1008.425,803,Wunderground
5/1/2025,Cà Mau,South,28.125,79.875,23.8,7.75,1008.5375,803,Wunderground
5/2/2025,Cà Mau,South,28.875,76.25,16.3,2.875,1009.0125,803,Wunderground
5/3/2025,Cà Mau,South,27.5,84.125,56,3.25,1008.7625,803,Wunderground
5/4/2025,Cà Mau,South,28.875,77.375,0,3.25,1007.65,803,Wunderground
5/5/2025,Cà Mau,South,29.25,77.5,0,3.75,1007.8875,803,Wunderground
5/6/2025,Cà Mau,South,29.625,73.5,0,6.125,1007.7875,803,Wunderground
5/7/2025,Cà Mau,South,29.125,76.5,7.7,4.625,1007.3125,803,Wunderground
5/8/2025,Cà Mau,South,30.375,71,0,4.125,1007.7875,803,Wunderground
5/9/2025,Cà Mau,South,30.875,69.875,0,6,1008.0625,803,Wunderground
5/10/2025,Cà Mau,South,28.75,79.125,6.5,5.375,1008.5375,803,Wunderground
5/11/2025,Cà Mau,South,29.625,71.375,0,5.625,1007.1375,803,Wunderground
5/12/2025,Cà Mau,South,28.875,76.5,2.3,4.625,1007.4125,803,Wunderground
5/13/2025,Cà Mau,South,28.5,80.75,66.5,3.375,1008.5125,803,Wunderground
5/14/2025,Cà Mau,South,29.25,74.25,0,3.75,1009.3625,803,Wunderground
5/15/2025,Cà Mau,South,29.25,75,0,3.75,1009.3625,803,Wunderground
5/16/2025,Cà Mau,South,29.5,73.625,0,2,1008.3375,803,Wunderground
5/17/2025,Cà Mau,South,28.57142857,76.57142857,3.4,2.285714286,1007.885714,803,Wunderground
5/18/2025,Cà Mau,South,29.125,74.875,2,4.375,1007.8375,803,Wunderground
5/19/2025,Cà Mau,South,27.625,82,20,2.75,1007.4625,803,Wunderground
5/20/2025,Cà Mau,South,28.25,75.5,2.8,2.5,1007.3125,803,Wunderground
5/21/2025,Cà Mau,South,28.5,78.25,29,3.75,1007.225,803,Wunderground
5/22/2025,Cà Mau,South,28.5,80,0.2,2.375,1006.25,803,Wunderground
5/23/2025,Cà Mau,South,28.375,77.875,0.8,4.5,1005.3125,803,Wunderground
5/24/2025,Cà Mau,South,27.125,85.625,15.6,4.125,1006.425,803,Wunderground
5/25/2025,Cà Mau,South,27.25,85.875,38.2,3.75,1008.0375,803,Wunderground
5/26/2025,Cà Mau,South,29,73.125,0.7,3.375,1007.775,803,Wunderground
5/27/2025,Cà Mau,South,30.75,73.375,0.3,4.125,1007.4875,803,Wunderground
5/28/2025,Cà Mau,South,30.5,73.375,0.3,3.75,1006.825,803,Wunderground
5/29/2025,Cà Mau,South,30.28571429,78.57142857,8.7,3.857142857,1007.814286,803,Wunderground
5/30/2025,Cà Mau,South,27.875,83.125,27.3,4.125,1009.5625,803,Wunderground
5/31/2025,Cà Mau,South,29.25,80.25,1,2.75,1010,803,Wunderground
6/1/2025,Cà Mau,South,30.625,74.5,0,3.375,1009.4375,803,Wunderground
6/2/2025,Cà Mau,South,30.375,77.125,1.9,5.25,1008.4,803,Wunderground
6/3/2025,Cà Mau,South,29.25,80.25,27.7,2.5,1007.8875,803,Wunderground
6/4/2025,Cà Mau,South,28.125,84,3,3.375,1008.0375,803,Wunderground
6/5/2025,Cà Mau,South,29.625,77.125,2.3,4.25,1007.85,803,Wunderground
6/6/2025,Cà Mau,South,30.75,73.5,0.3,4.625,1007.5875,803,Wunderground
6/7/2025,Cà Mau,South,27.75,84.375,101,4.75,1007.625,803,Wunderground
6/8/2025,Cà Mau,South,28.125,79.625,4.4,5.5,1006.7875,803,Wunderground
6/9/2025,Cà Mau,South,26.375,85.375,34,4.125,1005.8625,521,Wunderground
6/10/2025,Cà Mau,South,27.625,80.5,1.5,2.875,1004.85,803,Wunderground
6/11/2025,Cà Mau,South,27.875,80.375,3.3,3.625,1004.825,803,Wunderground
6/12/2025,Cà Mau,South,26.75,84,24.4,4.375,1005.3625,803,Wunderground
6/13/2025,Cà Mau,South,28.75,74.625,0,3.375,1006.175,803,Wunderground
6/14/2025,Cà Mau,South,30,72.25,0,5.5,1007.975,803,Wunderground
6/15/2025,Cà Mau,South,30,71.75,0,4.625,1007.4625,803,Wunderground
6/16/2025,Cà Mau,South,30.25,71.25,0,5,1007.5,803,Wunderground
6/17/2025,Cà Mau,South,30.125,73.125,0,6,1008.3875,803,Wunderground
6/18/2025,Cà Mau,South,28.75,79.5,0.3,3.375,1009.2125,803,Wunderground
6/19/2025,Cà Mau,South,28.5,79.625,0.5,2.875,1008.9,803,Wunderground
6/20/2025,Cà Mau,South,28.25,79.875,48.2,4.125,1008.775,803,Wunderground
6/21/2025,Cà Mau,South,27,81,35,3.625,1008.5,803,Wunderground
6/22/2025,Cà Mau,South,25.875,83.5,14.4,3.125,1009.1125,803,Wunderground
6/23/2025,Cà Mau,South,27.75,77.875,8.8,4.125,1008.3625,200,Wunderground
6/24/2025,Cà Mau,South,28,77.125,16.8,3.75,1008.225,803,Wunderground
6/25/2025,Cà Mau,South,28.75,77,21.4,2.75,1008.825,803,Wunderground
6/26/2025,Cà Mau,South,27.375,83,5.5,2.25,1009.675,803,Wunderground
6/27/2025,Cà Mau,South,28.375,74.25,0,2.75,1009,803,Wunderground
6/28/2025,Cà Mau,South,27.625,81.125,10,1.5,1009.0875,803,Wunderground
6/29/2025,Cà Mau,South,27.5,76.75,0.8,3.625,1008.025,803,Wunderground
6/30/2025,Cà Mau,South,29.375,72,0,4.5,1007.425,803,Wunderground
7/1/2025,Cà Mau,South,28.5,77.375,7,4.125,1007.675,803,Wunderground
7/2/2025,Cà Mau,South,28.5,77.625,1.3,2.375,1008.175,803,Wunderground
7/3/2025,Cà Mau,South,28.57142857,73.28571429,2,5.571428571,1008.557143,803,Wunderground
7/4/2025,Cà Mau,South,28.375,77.75,0,3.125,1008.35,803,Wunderground
7/5/2025,Cà Mau,South,27.875,79.625,1.4,2.875,1007.1,804,Wunderground
7/6/2025,Cà Mau,South,27.375,79.625,14.1,5,1007.9,803,Wunderground
7/7/2025,Cà Mau,South,27.25,79.625,49.9,4,1009.3,803,Wunderground
7/8/2025,Cà Mau,South,28,74.375,0,4.25,1009.8625,803,Wunderground
7/9/2025,Cà Mau,South,27.875,79.25,25.8,2.75,1008.6625,803,Wunderground
7/10/2025,Cà Mau,South,28.875,76.625,0.1,4,1006.475,803,Wunderground
7/11/2025,Cà Mau,South,28.25,80.75,18.5,3.75,1005.1,803,Wunderground
7/12/2025,Cà Mau,South,28.125,82.625,16.4,3.625,1006.6375,803,Wunderground
7/13/2025,Cà Mau,South,29.125,78,7.2,5.625,1007.375,803,Wunderground
7/14/2025,Cà Mau,South,28.875,79.375,19.6,4.125,1007.475,803,Wunderground
7/15/2025,Cà Mau,South,27.875,81.25,23.8,2.75,1006.6625,803,Wunderground
7/16/2025,Cà Mau,South,27.625,81.875,7.2,5.125,1006.9875,803,Wunderground
7/17/2025,Cà Mau,South,28,80.875,0.1,4.25,1006.95,803,Wunderground
7/18/2025,Cà Mau,South,28.14285714,78.28571429,6.1,3.714285714,1006.5,803,Wunderground
7/19/2025,Cà Mau,South,29.375,74.75,0,5.375,1004.1125,803,Wunderground
7/20/2025,Cà Mau,South,28,79.5,0.8,3.75,1004.6875,200,Wunderground
7/21/2025,Cà Mau,South,28.75,75.875,15.1,8.125,1005.7375,803,Wunderground
7/22/2025,Cà Mau,South,29.875,72.125,0,8.125,1005.3375,803,Wunderground
7/23/2025,Cà Mau,South,30.125,69.5,0,8.875,1005.0125,803,Wunderground
7/24/2025,Cà Mau,South,29.875,70,0,5.125,1005.4625,803,Wunderground
7/25/2025,Cà Mau,South,29.75,70.375,0,5.875,1005.7875,803,Wunderground
7/26/2025,Cà Mau,South,30.375,72.125,0,5.875,1007.425,803,Wunderground
7/27/2025,Cà Mau,South,30.25,72.25,0.1,8.5,1007.15,803,Wunderground
7/28/2025,Cà Mau,South,27.625,84.375,12,6,1007.2875,803,Wunderground
7/29/2025,Cà Mau,South,30,72.625,0,8.125,1006.55,803,Wunderground
7/30/2025,Cà Mau,South,29.25,75.125,3,4.75,1007.2125,803,Wunderground
7/31/2025,Cà Mau,South,29.75,73.75,0,5.5,1006.8875,803,Wunderground
8/1/2025,Cà Mau,South,30.75,70.5,0,6,1006.6375,803,Wunderground
8/2/2025,Cà Mau,South,29.75,74.875,14.4,6.375,1007.0375,803,Wunderground
8/3/2025,Cà Mau,South,29,78.25,43.8,6.875,1008.325,803,Wunderground
8/4/2025,Cà Mau,South,29.625,75.125,0.1,5.125,1007.5625,803,Wunderground
8/5/2025,Cà Mau,South,30.375,71.75,0,5.625,1007.525,803,Wunderground
8/6/2025,Cà Mau,South,29,75,10.5,4.333333333,1008.2,803,Wunderground
8/7/2025,Cà Mau,South,29.42857143,72.71428571,0,3.857142857,1008.442857,803,Wunderground
8/8/2025,Cà Mau,South,29.75,71.5,0,5.125,1008.725,803,Wunderground
8/9/2025,Cà Mau,South,29.25,78.375,0.8,4.25,1009.225,803,Wunderground
8/10/2025,Cà Mau,South,27.375,82.5,14,5.125,1009.0875,803,Wunderground
8/11/2025,Cà Mau,South,27.625,73.375,0.1,6.375,1008.4625,803,Wunderground
8/12/2025,Cà Mau,South,28.5,73.375,5.3,4.625,1008.275,803,Wunderground
8/13/2025,Cà Mau,South,27.75,78.125,17,5,1009.4875,803,Wunderground
8/14/2025,Cà Mau,South,27.5,81.625,13.5,4.375,1008.5125,803,Wunderground
8/15/2025,Cà Mau,South,26.25,86.375,63,5.125,1006.5625,803,Wunderground
8/16/2025,Cà Mau,South,25.5,84,56,5,1007.0625,803,Wunderground
8/17/2025,Cà Mau,South,27,78.125,4.5,4.625,1008.7875,521,Wunderground
8/18/2025,Cà Mau,South,28.625,71.625,18.3,6,1009.5875,803,Wunderground
8/19/2025,Cà Mau,South,30.125,68.75,0,4.375,1009.075,803,Wunderground
8/20/2025,Cà Mau,South,29.625,71.125,0,4.25,1008.2125,803,Wunderground
8/21/2025,Cà Mau,South,27.75,82.25,10,5.875,1009.0625,803,Wunderground
8/22/2025,Cà Mau,South,27.375,80.625,16.2,4.625,1009.6875,803,Wunderground
8/23/2025,Cà Mau,South,27.75,81.875,14.2,3.625,1009.825,803,Wunderground
8/24/2025,Cà Mau,South,27.375,81.75,14.7,5.125,1008.675,803,Wunderground
8/25/2025,Cà Mau,South,27.875,79.625,2.2,5.125,1008.15,803,Wunderground
8/26/2025,Cà Mau,South,28.5,73.125,12.5,5,1009.1875,803,Wunderground
8/27/2025,Cà Mau,South,29.125,75.5,4.5,5.5,1009.2,803,Wunderground
8/28/2025,Cà Mau,South,27.875,79.625,14.1,4.25,1009.125,521,Wunderground
8/29/2025,Cà Mau,South,27.75,79.25,20.4,6,1008.7,803,Wunderground
8/30/2025,Cà Mau,South,27.75,81.125,26.5,5.625,1008.1,803,Wunderground
8/31/2025,Cà Mau,South,27.75,81.375,9.2,5.625,1006.775,803,Wunderground
9/1/2025,Cà Mau,South,27.14285714,82.42857143,19,5.285714286,1006.414286,803,Wunderground
9/2/2025,Cà Mau,South,27,82.5,54.8,5.25,1007.075,804,Wunderground
9/3/2025,Cà Mau,South,28.125,76.125,5.7,8.125,1006.5375,803,Wunderground
9/4/2025,Cà Mau,South,28.625,79.375,2.7,5.5,1006.8375,803,Wunderground
9/5/2025,Cà Mau,South,28.75,78.125,14.4,5.875,1006.7125,803,Wunderground
9/6/2025,Cà Mau,South,29.375,77.875,0,6.375,1007.275,803,Wunderground
9/7/2025,Cà Mau,South,29,78.875,4.8,5.875,1007.2875,803,Wunderground
9/8/2025,Cà Mau,South,27,81.375,17.4,5.125,1008.5625,803,Wunderground
9/9/2025,Cà Mau,South,28.625,74.5,0.1,6.375,1010.3375,803,Wunderground
9/10/2025,Cà Mau,South,29.625,73.625,1.6,3.25,1009.7125,803,Wunderground
9/11/2025,Cà Mau,South,29.75,75.75,2.6,3.75,1009.325,803,Wunderground
9/12/2025,Cà Mau,South,28.5,78.25,10,6.375,1009.4625,521,Wunderground
9/13/2025,Cà Mau,South,27.5,78.875,31.4,4.125,1009.3125,803,Wunderground
9/14/2025,Cà Mau,South,27.625,82.875,1.3,2.75,1009.9875,803,Wunderground
9/15/2025,Cà Mau,South,29.375,73,0,4.5,1009.6625,200,Wunderground
9/16/2025,Cà Mau,South,29.625,71.75,38.7,4.25,1008.825,803,Wunderground
9/17/2025,Cà Mau,South,28.375,77.875,20.8,6,1008.1625,803,Wunderground
9/18/2025,Cà Mau,South,26.125,82.5,79,5.875,1008.275,803,Wunderground
9/19/2025,Cà Mau,South,28,72.375,3.4,6.375,1008.85,803,Wunderground
9/20/2025,Cà Mau,South,29.875,69.5,0,5,1008.825,803,Wunderground
9/21/2025,Cà Mau,South,29.875,67.625,0,5.75,1007.8875,803,Wunderground
9/22/2025,Cà Mau,South,29.75,67.75,0,5.625,1008.1625,803,Wunderground
9/23/2025,Cà Mau,South,30.375,65.125,0,6.125,1007.9375,803,Wunderground
9/24/2025,Cà Mau,South,29.57142857,73.85714286,4.4,5.857142857,1006.771429,520,Wunderground
9/25/2025,Cà Mau,South,28.375,74.25,8.4,7.25,1008.325,803,Wunderground
9/26/2025,Cà Mau,South,28,75.25,17.7,5.5,1009.1375,803,Wunderground
9/27/2025,Cà Mau,South,27.375,79.25,14,3.375,1008.35,803,Wunderground
9/28/2025,Cà Mau,South,26.875,81.25,53.6,5.875,1006.8125,803,Wunderground
9/29/2025,Cà Mau,South,27.25,79.5,22.2,7.25,1008.0625,803,Wunderground
9/30/2025,Cà Mau,South,28.375,72.375,0.1,4.625,1009.0375,803,Wunderground
10/1/2025,Cà Mau,South,28.75,73.625,15.3,3.75,1009.45,803,Wunderground
10/2/2025,Cà Mau,South,28.875,71.875,0,2.5,1009.0625,803,Wunderground
10/3/2025,Cà Mau,South,28.5,73.83333333,18,2.5,1008.866667,803,Wunderground
10/4/2025,Cà Mau,South,29.625,71.375,0,4.625,1009.9125,803,Wunderground
10/5/2025,Cà Mau,South,29.75,67.25,0,4.625,1010.5625,803,Wunderground
10/6/2025,Cà Mau,South,29.75,68.875,0,4.625,1010.7625,803,Wunderground
10/7/2025,Cà Mau,South,28.75,74,0.4,5.875,1010.9625,803,Wunderground
10/8/2025,Cà Mau,South,27.14285714,79.14285714,52,3.857142857,1010.4,803,Wunderground
10/9/2025,Cà Mau,South,27.75,77.25,1,5.125,1009.1625,803,Wunderground
10/10/2025,Cà Mau,South,27.875,78.5,15,3.25,1008.45,803,Wunderground
10/11/2025,Cà Mau,South,27.375,79.75,29.4,3.875,1008.45,803,Wunderground
10/12/2025,Cà Mau,South,29.125,73,0,4.125,1008.075,803,Wunderground
10/13/2025,Cà Mau,South,28.75,75,2.9,3.75,1007.625,803,Wunderground
10/14/2025,Cà Mau,South,27.875,78.625,18,5.375,1006.2125,803,Wunderground
10/15/2025,Cà Mau,South,28.875,75.25,5.6,5.5,1004.025,803,Wunderground
10/16/2025,Cà Mau,South,28.75,74.875,8.3,5,1003.8875,803,Wunderground
10/17/2025,Cà Mau,South,28.875,74.5,4.1,5.5,1006.2125,803,Wunderground
10/18/2025,Cà Mau,South,27.125,82.25,18.8,2.875,1007.0125,803,Wunderground
10/19/2025,Cà Mau,South,28.25,77.875,19,4.75,1005.9375,803,Wunderground
10/20/2025,Cà Mau,South,28.625,75.75,11.6,2.375,1006.1,803,Wunderground
10/21/2025,Cà Mau,South,28.375,76.125,32.7,4.625,1006.7625,803,Wunderground
10/22/2025,Cà Mau,South,27.875,80.375,37.6,4.75,1007.3,803,Wunderground
10/23/2025,Cà Mau,South,27.25,80.875,54.6,3.5,1007.3375,803,Wunderground
10/24/2025,Cà Mau,South,27.625,80.75,12,5.125,1006.8125,803,Wunderground
10/25/2025,Cà Mau,South,26.875,82.5,26.7,5.125,1008.1,803,Wunderground
10/26/2025,Cà Mau,South,26.625,84.25,42,3.875,1008.5875,803,Wunderground
10/27/2025,Cà Mau,South,28,75.5,0.8,3.5,1009.325,803,Wunderground
10/28/2025,Cà Mau,South,28,76.875,16.4,2.875,1008.875,803,Wunderground
10/29/2025,Cà Mau,South,27.25,81.25,6,4.375,1006.9875,803,Wunderground
10/30/2025,Cà Mau,South,28.625,73.875,3,4.125,1008.3375,803,Wunderground
10/31/2025,Cà Mau,South,29.375,73,0,3.75,1009.85,803,Wunderground
11/1/2025,Cà Mau,South,28.75,77,14.9,4.125,1009.6625,803,Wunderground
11/2/2025,Cà Mau,South,27.25,77.125,2.2,2.875,1009.8,803,Wunderground
11/3/2025,Cà Mau,South,27.75,75.625,11.9,5,1009.175,803,Wunderground
11/4/2025,Cà Mau,South,27.875,79.25,26.9,3.25,1008.7,803,Wunderground
11/5/2025,Cà Mau,South,28.875,74.125,0,4.5,1007.275,521,Wunderground
11/6/2025,Cà Mau,South,28.375,79.5,13.8,3.75,1006.225,803,Wunderground
11/7/2025,Cà Mau,South,28.25,79.375,8.7,6.375,1007.25,803,Wunderground
11/8/2025,Cà Mau,South,29.125,75,4.7,5.625,1008.9125,803,Wunderground
11/9/2025,Cà Mau,South,29.125,77.375,25.2,3.375,1008.925,803,Wunderground
11/10/2025,Cà Mau,South,29.125,75,0.1,3.75,1008.05,803,Wunderground
11/11/2025,Cà Mau,South,28.75,74.875,11,3.125,1008,803,Wunderground
11/12/2025,Cà Mau,South,28.5,76.875,1.4,3.375,1009.3,803,Wunderground
11/13/2025,Cà Mau,South,28.25,78.875,51,3.625,1009.95,803,Wunderground
11/14/2025,Cà Mau,South,28.125,75.5,0.5,4.5,1009.2,803,Wunderground
11/15/2025,Cà Mau,South,28.375,63.625,0,5.5,1010.1875,803,Wunderground
11/16/2025,Cà Mau,South,27.75,74.5,11.8,6,1010.5875,803,Wunderground
11/17/2025,Cà Mau,South,27,83.875,12,6.875,1010.2625,803,Wunderground
11/18/2025,Cà Mau,South,28.375,74.875,3,5.125,1009.6625,803,Wunderground
11/19/2025,Cà Mau,South,28,73.25,7.8,8.25,1010.075,803,Wunderground
11/20/2025,Cà Mau,South,27.5,71.375,0.1,7.5,1010.675,803,Wunderground
11/21/2025,Cà Mau,South,26.875,74,0.1,9.375,1011.4625,200,Wunderground
11/22/2025,Cà Mau,South,26.875,72.25,43.4,6,1010.9625,803,Wunderground
11/23/2025,Cà Mau,South,27.5,77.125,2.8,6.875,1009.7375,803,Wunderground
11/24/2025,Cà Mau,South,28.625,71.25,0,8.25,1009.0125,803,Wunderground
11/25/2025,Cà Mau,South,27.75,76.625,5.2,5.5,1008.325,803,Wunderground
11/26/2025,Cà Mau,South,27.875,66.5,3.6,6.375,1008.6125,803,Wunderground
11/27/2025,Cà Mau,South,27.75,62.75,0,7.25,1009,803,Wunderground
11/28/2025,Cà Mau,South,26.25,59.75,0,8.5,1009.7,803,Wunderground
11/29/2025,Cà Mau,South,26.375,59.375,0,4.25,1009.8375,803,Wunderground
11/30/2025,Cà Mau,South,28.125,66.75,0,4.125,1009.775,803,Wunderground
12/1/2025,Cà Mau,South,28.375,71.5,0,2.875,1009.2625,803,Wunderground
12/2/2025,Cà Mau,South,28.625,70.625,0,3.75,1009.2375,803,Wunderground
12/3/2025,Cà Mau,South,28.125,74.5,17,3.375,1010.225,803,Wunderground
12/4/2025,Cà Mau,South,27.75,75.375,0,4.625,1009.8125,803,Wunderground
12/5/2025,Cà Mau,South,29,67,0,8.125,1011.65,803,Wunderground
12/6/2025,Cà Mau,South,28.625,68.375,0,7.25,1012.025,803,Wunderground
12/7/2025,Cà Mau,South,28.125,70.375,0,4.25,1011.9875,803,Wunderground
12/8/2025,Cà Mau,South,27.625,64.625,0,4.125,1011.9625,803,Wunderground
12/9/2025,Cà Mau,South,26.875,69.125,0,3.25,1011.3875,803,Wunderground
12/10/2025,Cà Mau,South,27.875,69.625,0,6.5,1010.15,520,Wunderground
12/11/2025,Cà Mau,South,26.375,81.25,56.2,6.75,1010.55,803,Wunderground
12/12/2025,Cà Mau,South,28.375,71.625,0,6.375,1010.0375,803,Wunderground
12/13/2025,Cà Mau,South,28.5,70.5,0,3.25,1010.125,803,Wunderground
12/14/2025,Cà Mau,South,28.75,67.5,0,8.125,1009.975,803,Wunderground
12/15/2025,Cà Mau,South,28.625,65.625,0,8.625,1010.6,803,Wunderground
12/16/2025,Cà Mau,South,28.875,71.625,0,4.75,1010.8,803,Wunderground
12/17/2025,Cà Mau,South,28.125,73.125,1,4.25,1010.5125,803,Wunderground
12/18/2025,Cà Mau,South,28.375,68.625,0,5.125,1009.775,803,Wunderground
12/19/2025,Cà Mau,South,28.5,70,0,3.875,1008.5,803,Wunderground
12/20/2025,Cà Mau,South,29.125,71.75,0,5.625,1008.375,803,Wunderground
12/21/2025,Cà Mau,South,28.875,69.5,0,4.75,1008.9,803,Wunderground
12/22/2025,Cà Mau,South,28.125,73.375,7,2.875,1008.7,803,Wunderground
12/23/2025,Cà Mau,South,27.5,76.125,0,3.625,1008.35,520,Wunderground
12/24/2025,Cà Mau,South,27.5,74.75,4.5,3.25,1007.325,803,Wunderground
12/25/2025,Cà Mau,South,27,78.625,2,4.625,1008.3875,803,Wunderground
12/26/2025,Cà Mau,South,27.875,68.625,0,7.625,1009.3125,803,Wunderground
12/27/2025,Cà Mau,South,27.25,71,0,5.25,1010.2,803,Wunderground
12/28/2025,Cà Mau,South,27.5,69.75,0,4.75,1011.225,803,Wunderground
12/29/2025,Cà Mau,South,27.5,72.375,0,4.375,1010.525,803,Wunderground
12/30/2025,Cà Mau,South,27.375,71.125,0,4.375,1009.95,803,Wunderground
12/31/2025,Cà Mau,South,26.875,68.5,0,3.875,1009.3125,803,Wunderground
1/1/2025,Cần Thơ,South,27,69.75,0,6.375,1009.4875,803,Wunderground
1/2/2025,Cần Thơ,South,27.875,66,0,6.75,1009.8125,803,Wunderground
1/3/2025,Cần Thơ,South,27.5,74.25,0,3.875,1010.1875,803,Wunderground
1/4/2025,Cần Thơ,South,27.25,77.25,0,3.25,1010,803,Wunderground
1/5/2025,Cần Thơ,South,26.625,70.5,0,4.5,1011.3,803,Wunderground
1/6/2025,Cần Thơ,South,26.375,69.75,0,2.375,1011.2625,803,Wunderground
1/7/2025,Cần Thơ,South,26.875,67.625,0,5.875,1011.4,803,Wunderground
1/8/2025,Cần Thơ,South,27.375,70.75,0,4.25,1010.8625,803,Wunderground
1/9/2025,Cần Thơ,South,27.375,72.25,5,4.25,1011.9375,803,Wunderground
1/10/2025,Cần Thơ,South,27.25,74.875,0.1,4.625,1012.8375,803,Wunderground
1/11/2025,Cần Thơ,South,26,70.375,0.1,7.25,1013.85,803,Wunderground
1/12/2025,Cần Thơ,South,24.75,65.625,0,7.625,1013.325,803,Wunderground
1/13/2025,Cần Thơ,South,24.375,61.625,0,7.75,1012.775,803,Wunderground
1/14/2025,Cần Thơ,South,26,64,0,7.25,1011.975,803,Wunderground
1/15/2025,Cần Thơ,South,27.375,76.875,0.4,7.25,1011.525,803,Wunderground
1/16/2025,Cần Thơ,South,27.5,73.125,0,7.75,1011.925,803,Wunderground
1/17/2025,Cần Thơ,South,26.25,71.25,0,7.125,1011.625,803,Wunderground
1/18/2025,Cần Thơ,South,26.75,72.375,0,6,1010.9,803,Wunderground
1/19/2025,Cần Thơ,South,26.875,75.625,0,4.375,1010.0875,803,Wunderground
1/20/2025,Cần Thơ,South,26.25,73.75,0,5.125,1009.4625,803,Wunderground
1/21/2025,Cần Thơ,South,25.875,73.5,0,5.125,1009.8,803,Wunderground
1/22/2025,Cần Thơ,South,25.625,75.75,0,3,1009.925,803,Wunderground
1/23/2025,Cần Thơ,South,26.625,74.875,0,4.25,1010.1,803,Wunderground
1/24/2025,Cần Thơ,South,26.625,77,0,5.5,1009.05,803,Wunderground
1/25/2025,Cần Thơ,South,27.125,76,0,4.125,1009.4,803,Wunderground
1/26/2025,Cần Thơ,South,26.375,76.875,0,4.25,1009.975,803,Wunderground
1/27/2025,Cần Thơ,South,26.375,69.75,0,8.125,1009.775,803,Wunderground
1/28/2025,Cần Thơ,South,25.5,69.125,0,6.625,1012.3625,803,Wunderground
1/29/2025,Cần Thơ,South,25.875,67,0,5.5,1013.35,803,Wunderground
1/30/2025,Cần Thơ,South,25.5,68.75,0,5.125,1011.0125,803,Wunderground
1/31/2025,Cần Thơ,South,25.875,72,0,3.625,1009.7875,803,Wunderground
2/1/2025,Cần Thơ,South,26.5,72,0,3.75,1008.725,803,Wunderground
2/2/2025,Cần Thơ,South,26.5,72.625,0,4.25,1008.6625,803,Wunderground
2/3/2025,Cần Thơ,South,26.5,73.875,0,3.875,1009.725,803,Wunderground
2/4/2025,Cần Thơ,South,26.375,70.875,0,5.625,1010.45,803,Wunderground
2/5/2025,Cần Thơ,South,26,73.125,0,6.125,1009.975,803,Wunderground
2/6/2025,Cần Thơ,South,26,73.25,0,4,1009.8125,803,Wunderground
2/7/2025,Cần Thơ,South,26.125,72.75,0,3,1010.4875,803,Wunderground
2/8/2025,Cần Thơ,South,26.125,71.375,0,3.75,1010.5875,803,Wunderground
2/9/2025,Cần Thơ,South,26,68.25,0,3.25,1010.775,803,Wunderground
2/10/2025,Cần Thơ,South,26.75,73.625,0,2.5,1010.875,803,Wunderground
2/11/2025,Cần Thơ,South,27.25,76.625,0,5.125,1010.725,803,Wunderground
2/12/2025,Cần Thơ,South,27.375,78,0,3.375,1010.8375,803,Wunderground
2/13/2025,Cần Thơ,South,27.25,74.5,0,5.125,1010.825,803,Wunderground
2/14/2025,Cần Thơ,South,27.5,75.125,0,4.75,1010.1875,803,Wunderground
2/15/2025,Cần Thơ,South,27.875,75.375,0,5.125,1009.4,803,Wunderground
2/16/2025,Cần Thơ,South,27.875,72.125,0,3.625,1010.7,803,Wunderground
2/17/2025,Cần Thơ,South,27.5,69.875,0,4.75,1011.2375,803,Wunderground
2/18/2025,Cần Thơ,South,28,69.71428571,0,5.428571429,1011.185714,803,Wunderground
2/19/2025,Cần Thơ,South,27.375,73.25,0.1,4.125,1010.6625,803,Wunderground
2/20/2025,Cần Thơ,South,28,69.875,0,6.625,1010.75,803,Wunderground
2/21/2025,Cần Thơ,South,28.125,71.875,0,7.125,1011.6625,803,Wunderground
2/22/2025,Cần Thơ,South,28.375,70.625,0,8.625,1011.6125,803,Wunderground
2/23/2025,Cần Thơ,South,27.625,76.25,1,10.5,1012.35,803,Wunderground
2/24/2025,Cần Thơ,South,28.5,70.25,0,13.5,1012.6,803,Wunderground
2/25/2025,Cần Thơ,South,28.75,67.625,0,11.375,1013.2125,803,Wunderground
2/26/2025,Cần Thơ,South,28.625,68.375,0,9,1012.8625,803,Wunderground
2/27/2025,Cần Thơ,South,28.625,70.375,0,8,1011.9125,803,Wunderground
2/28/2025,Cần Thơ,South,28,71.42857143,0,7.714285714,1011.828571,803,Wunderground
3/1/2025,Cần Thơ,South,27.25,74.375,0,4.375,1010.575,803,Wunderground
3/2/2025,Cần Thơ,South,26.625,76.875,0,3.875,1009.3875,803,Wunderground
3/3/2025,Cần Thơ,South,27.5,72.875,0,2.5,1008.95,803,Wunderground
3/4/2025,Cần Thơ,South,28.625,73.125,0,3.125,1008.5875,803,Wunderground
3/5/2025,Cần Thơ,South,29.125,72.125,0,3.75,1007.3125,803,Wunderground
3/6/2025,Cần Thơ,South,28.625,70.375,0,5,1008.775,803,Wunderground
3/7/2025,Cần Thơ,South,27.875,75.625,6.3,5.875,1009.3,803,Wunderground
3/8/2025,Cần Thơ,South,28.25,70,0,11.375,1009.0625,803,Wunderground
3/9/2025,Cần Thơ,South,28.5,67.25,0,7.25,1010.9625,803,Wunderground
3/10/2025,Cần Thơ,South,28.625,69.625,0,9.75,1011.6125,803,Wunderground
3/11/2025,Cần Thơ,South,28.75,71.75,0,8.125,1010.55,803,Wunderground
3/12/2025,Cần Thơ,South,28.625,74.75,0,5.875,1009.4625,803,Wunderground
3/13/2025,Cần Thơ,South,28.25,73.125,0,5.875,1009.4625,803,Wunderground
3/14/2025,Cần Thơ,South,28.375,75.5,0,5,1009.875,803,Wunderground
3/15/2025,Cần Thơ,South,28,73.875,0,2.875,1010.2625,803,Wunderground
3/16/2025,Cần Thơ,South,28.125,73.25,0,2.375,1009.925,803,Wunderground
3/17/2025,Cần Thơ,South,28.5,73.125,0,4.25,1010.0625,803,Wunderground
3/18/2025,Cần Thơ,South,28.5,70.75,0,8,1010.6875,803,Wunderground
3/19/2025,Cần Thơ,South,28.42857143,66.85714286,0,10.71428571,1012.4,803,Wunderground
3/20/2025,Cần Thơ,South,27.625,66.375,0,6,1013.2625,803,Wunderground
3/21/2025,Cần Thơ,South,27.625,73.25,0,4.625,1013.65,803,Wunderground
3/22/2025,Cần Thơ,South,28.375,67.875,0,8.75,1012.5125,803,Wunderground
3/23/2025,Cần Thơ,South,27.75,72.75,0,4.625,1012.3625,803,Wunderground
3/24/2025,Cần Thơ,South,27.375,75.25,0,2.375,1010.9125,803,Wunderground
3/25/2025,Cần Thơ,South,27.125,75.25,0,4.125,1009.1125,803,Wunderground
3/26/2025,Cần Thơ,South,27.875,74.75,0,3.25,1007.45,803,Wunderground
3/27/2025,Cần Thơ,South,28,72.625,0,4.25,1007.9875,803,Wunderground
3/28/2025,Cần Thơ,South,27.875,72,0,5.125,1006.7125,803,Wunderground
3/29/2025,Cần Thơ,South,28.25,68.625,0,4,1007.875,803,Wunderground
3/30/2025,Cần Thơ,South,28.5,75.125,0,4.75,1009.8,803,Wunderground
3/31/2025,Cần Thơ,South,27.375,81.375,70.5,4.75,1009.475,803,Wunderground
4/1/2025,Cần Thơ,South,28.75,74.75,6.7,4.875,1009.125,803,Wunderground
4/2/2025,Cần Thơ,South,28.125,75.75,0.1,9,1010.1125,803,Wunderground
4/3/2025,Cần Thơ,South,27.75,74.25,1.3,6.375,1010.725,803,Wunderground
4/4/2025,Cần Thơ,South,28.25,71.75,0,4.25,1010.2625,803,Wunderground
4/5/2025,Cần Thơ,South,28.5,74,0,5.125,1010.0625,803,Wunderground
4/6/2025,Cần Thơ,South,28.375,74.5,0,4.625,1009.7875,803,Wunderground
4/7/2025,Cần Thơ,South,29,69.625,0,4.25,1009.3625,803,Wunderground
4/8/2025,Cần Thơ,South,29,73,0,4.75,1011.2375,803,Wunderground
4/9/2025,Cần Thơ,South,28.42857143,77,0,5,1011.114286,803,Wunderground
4/10/2025,Cần Thơ,South,28.5,78,0,3.375,1009.125,803,Wunderground
4/11/2025,Cần Thơ,South,29.75,73.625,0,4.25,1008.8,803,Wunderground
4/12/2025,Cần Thơ,South,29,76,5,4.625,1008.9,803,Wunderground
4/13/2025,Cần Thơ,South,29.625,73.375,0,2.875,1008.8375,803,Wunderground
4/14/2025,Cần Thơ,South,29.375,72.125,3.1,4.75,1010.1875,803,Wunderground
4/15/2025,Cần Thơ,South,28.75,76,2.1,5.875,1009.875,803,Wunderground
4/16/2025,Cần Thơ,South,28.75,76.5,7.5,5.125,1009.875,803,Wunderground
4/17/2025,Cần Thơ,South,29.375,73,0,5.125,1009.6375,803,Wunderground
4/18/2025,Cần Thơ,South,29.57142857,73.42857143,0,4.428571429,1008.914286,803,Wunderground
4/19/2025,Cần Thơ,South,30,69.75,0,3.875,1008.9,803,Wunderground
4/20/2025,Cần Thơ,South,29.75,69,0,4.625,1009.575,803,Wunderground
4/21/2025,Cần Thơ,South,29.875,69.875,0,3,1010.35,803,Wunderground
4/22/2025,Cần Thơ,South,29.125,74.125,2.8,4.625,1009.725,803,Wunderground
4/23/2025,Cần Thơ,South,29.375,73.375,0,4.125,1009.025,803,Wunderground
4/24/2025,Cần Thơ,South,28.5,78.625,37.5,5,1008.2875,803,Wunderground
4/25/2025,Cần Thơ,South,29.375,74.375,0,5,1008.4125,803,Wunderground
4/26/2025,Cần Thơ,South,29.75,71.125,0,5.375,1008.5375,803,Wunderground
4/27/2025,Cần Thơ,South,30,69,0,4.625,1008.5,803,Wunderground
4/28/2025,Cần Thơ,South,30.25,69,0,3.75,1007.975,803,Wunderground
4/29/2025,Cần Thơ,South,29.875,71.875,0,2,1008.4625,803,Wunderground
4/30/2025,Cần Thơ,South,29.875,68.75,3.1,4.5,1008.425,803,Wunderground
5/1/2025,Cần Thơ,South,28.125,79.875,23.8,7.75,1008.5375,803,Wunderground
5/2/2025,Cần Thơ,South,28.875,76.25,16.3,2.875,1009.0125,803,Wunderground
5/3/2025,Cần Thơ,South,27.5,84.125,56,3.25,1008.7625,803,Wunderground
5/4/2025,Cần Thơ,South,28.875,77.375,0,3.25,1007.65,803,Wunderground
5/5/2025,Cần Thơ,South,29.25,77.5,0,3.75,1007.8875,803,Wunderground
5/6/2025,Cần Thơ,South,29.625,73.5,0,6.125,1007.7875,803,Wunderground
5/7/2025,Cần Thơ,South,29.125,76.5,7.7,4.625,1007.3125,803,Wunderground
5/8/2025,Cần Thơ,South,30.375,71,0,4.125,1007.7875,803,Wunderground
5/9/2025,Cần Thơ,South,30.875,69.875,0,6,1008.0625,803,Wunderground
5/10/2025,Cần Thơ,South,28.75,79.125,6.5,5.375,1008.5375,803,Wunderground
5/11/2025,Cần Thơ,South,29.625,71.375,0,5.625,1007.1375,803,Wunderground
5/12/2025,Cần Thơ,South,28.875,76.5,2.3,4.625,1007.4125,803,Wunderground
5/13/2025,Cần Thơ,South,28.5,80.75,66.5,3.375,1008.5125,803,Wunderground
5/14/2025,Cần Thơ,South,29.25,74.25,0,3.75,1009.3625,803,Wunderground
5/15/2025,Cần Thơ,South,29.25,75,0,3.75,1009.3625,803,Wunderground
5/16/2025,Cần Thơ,South,29.5,73.625,0,2,1008.3375,803,Wunderground
5/17/2025,Cần Thơ,South,28.57142857,76.57142857,3.4,2.285714286,1007.885714,803,Wunderground
5/18/2025,Cần Thơ,South,29.125,74.875,2,4.375,1007.8375,803,Wunderground
5/19/2025,Cần Thơ,South,27.625,82,20,2.75,1007.4625,803,Wunderground
5/20/2025,Cần Thơ,South,28.25,75.5,2.8,2.5,1007.3125,803,Wunderground
5/21/2025,Cần Thơ,South,28.5,78.25,29,3.75,1007.225,803,Wunderground
5/22/2025,Cần Thơ,South,28.5,80,0.2,2.375,1006.25,803,Wunderground
5/23/2025,Cần Thơ,South,28.375,77.875,0.8,4.5,1005.3125,803,Wunderground
5/24/2025,Cần Thơ,South,27.125,85.625,15.6,4.125,1006.425,803,Wunderground
5/25/2025,Cần Thơ,South,27.25,85.875,38.2,3.75,1008.0375,803,Wunderground
5/26/2025,Cần Thơ,South,29,73.125,0.7,3.375,1007.775,803,Wunderground
5/27/2025,Cần Thơ,South,30.75,73.375,0.3,4.125,1007.4875,803,Wunderground
5/28/2025,Cần Thơ,South,30.5,73.375,0.3,3.75,1006.825,803,Wunderground
5/29/2025,Cần Thơ,South,30.28571429,78.57142857,8.7,3.857142857,1007.814286,803,Wunderground
5/30/2025,Cần Thơ,South,27.875,83.125,27.3,4.125,1009.5625,803,Wunderground
5/31/2025,Cần Thơ,South,29.25,80.25,1,2.75,1010,803,Wunderground
6/1/2025,Cần Thơ,South,30.625,74.5,0,3.375,1009.4375,803,Wunderground
6/2/2025,Cần Thơ,South,30.375,77.125,1.9,5.25,1008.4,803,Wunderground
6/3/2025,Cần Thơ,South,29.25,80.25,27.7,2.5,1007.8875,803,Wunderground
6/4/2025,Cần Thơ,South,28.125,84,3,3.375,1008.0375,803,Wunderground
6/5/2025,Cần Thơ,South,29.625,77.125,2.3,4.25,1007.85,803,Wunderground
6/6/2025,Cần Thơ,South,30.75,73.5,0.3,4.625,1007.5875,803,Wunderground
6/7/2025,Cần Thơ,South,27.75,84.375,101,4.75,1007.625,803,Wunderground
6/8/2025,Cần Thơ,South,28.125,79.625,4.4,5.5,1006.7875,803,Wunderground
6/9/2025,Cần Thơ,South,26.375,85.375,34,4.125,1005.8625,521,Wunderground
6/10/2025,Cần Thơ,South,27.625,80.5,1.5,2.875,1004.85,803,Wunderground
6/11/2025,Cần Thơ,South,27.875,80.375,3.3,3.625,1004.825,803,Wunderground
6/12/2025,Cần Thơ,South,26.75,84,24.4,4.375,1005.3625,803,Wunderground
6/13/2025,Cần Thơ,South,28.75,74.625,0,3.375,1006.175,803,Wunderground
6/14/2025,Cần Thơ,South,30,72.25,0,5.5,1007.975,803,Wunderground
6/15/2025,Cần Thơ,South,30,71.75,0,4.625,1007.4625,803,Wunderground
6/16/2025,Cần Thơ,South,30.25,71.25,0,5,1007.5,803,Wunderground
6/17/2025,Cần Thơ,South,30.125,73.125,0,6,1008.3875,803,Wunderground
6/18/2025,Cần Thơ,South,28.75,79.5,0.3,3.375,1009.2125,803,Wunderground
6/19/2025,Cần Thơ,South,28.5,79.625,0.5,2.875,1008.9,803,Wunderground
6/20/2025,Cần Thơ,South,28.25,79.875,48.2,4.125,1008.775,803,Wunderground
6/21/2025,Cần Thơ,South,27,81,35,3.625,1008.5,803,Wunderground
6/22/2025,Cần Thơ,South,25.875,83.5,14.4,3.125,1009.1125,803,Wunderground
6/23/2025,Cần Thơ,South,27.75,77.875,8.8,4.125,1008.3625,200,Wunderground
6/24/2025,Cần Thơ,South,28,77.125,16.8,3.75,1008.225,803,Wunderground
6/25/2025,Cần Thơ,South,28.75,77,21.4,2.75,1008.825,803,Wunderground
6/26/2025,Cần Thơ,South,27.375,83,5.5,2.25,1009.675,803,Wunderground
6/27/2025,Cần Thơ,South,28.375,74.25,0,2.75,1009,803,Wunderground
6/28/2025,Cần Thơ,South,27.625,81.125,10,1.5,1009.0875,803,Wunderground
6/29/2025,Cần Thơ,South,27.5,76.75,0.8,3.625,1008.025,803,Wunderground
6/30/2025,Cần Thơ,South,29.375,72,0,4.5,1007.425,803,Wunderground
7/1/2025,Cần Thơ,South,28.5,77.375,7,4.125,1007.675,803,Wunderground
7/2/2025,Cần Thơ,South,28.5,77.625,1.3,2.375,1008.175,803,Wunderground
7/3/2025,Cần Thơ,South,28.57142857,73.28571429,2,5.571428571,1008.557143,803,Wunderground
7/4/2025,Cần Thơ,South,28.375,77.75,0,3.125,1008.35,803,Wunderground
7/5/2025,Cần Thơ,South,27.875,79.625,1.4,2.875,1007.1,804,Wunderground
7/6/2025,Cần Thơ,South,27.375,79.625,14.1,5,1007.9,803,Wunderground
7/7/2025,Cần Thơ,South,27.25,79.625,49.9,4,1009.3,803,Wunderground
7/8/2025,Cần Thơ,South,28,74.375,0,4.25,1009.8625,803,Wunderground
7/9/2025,Cần Thơ,South,27.875,79.25,25.8,2.75,1008.6625,803,Wunderground
7/10/2025,Cần Thơ,South,28.875,76.625,0.1,4,1006.475,803,Wunderground
7/11/2025,Cần Thơ,South,28.25,80.75,18.5,3.75,1005.1,803,Wunderground
7/12/2025,Cần Thơ,South,28.125,82.625,16.4,3.625,1006.6375,803,Wunderground
7/13/2025,Cần Thơ,South,29.125,78,7.2,5.625,1007.375,803,Wunderground
7/14/2025,Cần Thơ,South,28.875,79.375,19.6,4.125,1007.475,803,Wunderground
7/15/2025,Cần Thơ,South,27.875,81.25,23.8,2.75,1006.6625,803,Wunderground
7/16/2025,Cần Thơ,South,27.625,81.875,7.2,5.125,1006.9875,803,Wunderground
7/17/2025,Cần Thơ,South,28,80.875,0.1,4.25,1006.95,803,Wunderground
7/18/2025,Cần Thơ,South,28.14285714,78.28571429,6.1,3.714285714,1006.5,803,Wunderground
7/19/2025,Cần Thơ,South,29.375,74.75,0,5.375,1004.1125,803,Wunderground
7/20/2025,Cần Thơ,South,28,79.5,0.8,3.75,1004.6875,200,Wunderground
7/21/2025,Cần Thơ,South,28.75,75.875,15.1,8.125,1005.7375,803,Wunderground
7/22/2025,Cần Thơ,South,29.875,72.125,0,8.125,1005.3375,803,Wunderground
7/23/2025,Cần Thơ,South,30.125,69.5,0,8.875,1005.0125,803,Wunderground
7/24/2025,Cần Thơ,South,29.875,70,0,5.125,1005.4625,803,Wunderground
7/25/2025,Cần Thơ,South,29.75,70.375,0,5.875,1005.7875,803,Wunderground
7/26/2025,Cần Thơ,South,30.375,72.125,0,5.875,1007.425,803,Wunderground
7/27/2025,Cần Thơ,South,30.25,72.25,0.1,8.5,1007.15,803,Wunderground
7/28/2025,Cần Thơ,South,27.625,84.375,12,6,1007.2875,803,Wunderground
7/29/2025,Cần Thơ,South,30,72.625,0,8.125,1006.55,803,Wunderground
7/30/2025,Cần Thơ,South,29.25,75.125,3,4.75,1007.2125,803,Wunderground
7/31/2025,Cần Thơ,South,29.75,73.75,0,5.5,1006.8875,803,Wunderground
8/1/2025,Cần Thơ,South,30.75,70.5,0,6,1006.6375,803,Wunderground
8/2/2025,Cần Thơ,South,29.75,74.875,14.4,6.375,1007.0375,803,Wunderground
8/3/2025,Cần Thơ,South,29,78.25,43.8,6.875,1008.325,803,Wunderground
8/4/2025,Cần Thơ,South,29.625,75.125,0.1,5.125,1007.5625,803,Wunderground
8/5/2025,Cần Thơ,South,30.375,71.75,0,5.625,1007.525,803,Wunderground
8/6/2025,Cần Thơ,South,29,75,10.5,4.333333333,1008.2,803,Wunderground
8/7/2025,Cần Thơ,South,29.42857143,72.71428571,0,3.857142857,1008.442857,803,Wunderground
8/8/2025,Cần Thơ,South,29.75,71.5,0,5.125,1008.725,803,Wunderground
8/9/2025,Cần Thơ,South,29.25,78.375,0.8,4.25,1009.225,803,Wunderground
8/10/2025,Cần Thơ,South,27.375,82.5,14,5.125,1009.0875,803,Wunderground
8/11/2025,Cần Thơ,South,27.625,73.375,0.1,6.375,1008.4625,803,Wunderground
8/12/2025,Cần Thơ,South,28.5,73.375,5.3,4.625,1008.275,803,Wunderground
8/13/2025,Cần Thơ,South,27.75,78.125,17,5,1009.4875,803,Wunderground
8/14/2025,Cần Thơ,South,27.5,81.625,13.5,4.375,1008.5125,803,Wunderground
8/15/2025,Cần Thơ,South,26.25,86.375,63,5.125,1006.5625,803,Wunderground
8/16/2025,Cần Thơ,South,25.5,84,56,5,1007.0625,803,Wunderground
8/17/2025,Cần Thơ,South,27,78.125,4.5,4.625,1008.7875,521,Wunderground
8/18/2025,Cần Thơ,South,28.625,71.625,18.3,6,1009.5875,803,Wunderground
8/19/2025,Cần Thơ,South,30.125,68.75,0,4.375,1009.075,803,Wunderground
8/20/2025,Cần Thơ,South,29.625,71.125,0,4.25,1008.2125,803,Wunderground
8/21/2025,Cần Thơ,South,27.75,82.25,10,5.875,1009.0625,803,Wunderground
8/22/2025,Cần Thơ,South,27.375,80.625,16.2,4.625,1009.6875,803,Wunderground
8/23/2025,Cần Thơ,South,27.75,81.875,14.2,3.625,1009.825,803,Wunderground
8/24/2025,Cần Thơ,South,27.375,81.75,14.7,5.125,1008.675,803,Wunderground
8/25/2025,Cần Thơ,South,27.875,79.625,2.2,5.125,1008.15,803,Wunderground
8/26/2025,Cần Thơ,South,28.5,73.125,12.5,5,1009.1875,803,Wunderground
8/27/2025,Cần Thơ,South,29.125,75.5,4.5,5.5,1009.2,803,Wunderground
8/28/2025,Cần Thơ,South,27.875,79.625,14.1,4.25,1009.125,521,Wunderground
8/29/2025,Cần Thơ,South,27.75,79.25,20.4,6,1008.7,803,Wunderground
8/30/2025,Cần Thơ,South,27.75,81.125,26.5,5.625,1008.1,803,Wunderground
8/31/2025,Cần Thơ,South,27.75,81.375,9.2,5.625,1006.775,803,Wunderground
9/1/2025,Cần Thơ,South,27.14285714,82.42857143,19,5.285714286,1006.414286,803,Wunderground
9/2/2025,Cần Thơ,South,27,82.5,54.8,5.25,1007.075,804,Wunderground
9/3/2025,Cần Thơ,South,28.125,76.125,5.7,8.125,1006.5375,803,Wunderground
9/4/2025,Cần Thơ,South,28.625,79.375,2.7,5.5,1006.8375,803,Wunderground
9/5/2025,Cần Thơ,South,28.75,78.125,14.4,5.875,1006.7125,803,Wunderground
9/6/2025,Cần Thơ,South,29.375,77.875,0,6.375,1007.275,803,Wunderground
9/7/2025,Cần Thơ,South,29,78.875,4.8,5.875,1007.2875,803,Wunderground
9/8/2025,Cần Thơ,South,27,81.375,17.4,5.125,1008.5625,803,Wunderground
9/9/2025,Cần Thơ,South,28.625,74.5,0.1,6.375,1010.3375,803,Wunderground
9/10/2025,Cần Thơ,South,29.625,73.625,1.6,3.25,1009.7125,803,Wunderground
9/11/2025,Cần Thơ,South,29.75,75.75,2.6,3.75,1009.325,803,Wunderground
9/12/2025,Cần Thơ,South,28.5,78.25,10,6.375,1009.4625,521,Wunderground
9/13/2025,Cần Thơ,South,27.5,78.875,31.4,4.125,1009.3125,803,Wunderground
9/14/2025,Cần Thơ,South,27.625,82.875,1.3,2.75,1009.9875,803,Wunderground
9/15/2025,Cần Thơ,South,29.375,73,0,4.5,1009.6625,200,Wunderground
9/16/2025,Cần Thơ,South,29.625,71.75,38.7,4.25,1008.825,803,Wunderground
9/17/2025,Cần Thơ,South,28.375,77.875,20.8,6,1008.1625,803,Wunderground
9/18/2025,Cần Thơ,South,26.125,82.5,79,5.875,1008.275,803,Wunderground
9/19/2025,Cần Thơ,South,28,72.375,3.4,6.375,1008.85,803,Wunderground
9/20/2025,Cần Thơ,South,29.875,69.5,0,5,1008.825,803,Wunderground
9/21/2025,Cần Thơ,South,29.875,67.625,0,5.75,1007.8875,803,Wunderground
9/22/2025,Cần Thơ,South,29.75,67.75,0,5.625,1008.1625,803,Wunderground
9/23/2025,Cần Thơ,South,30.375,65.125,0,6.125,1007.9375,803,Wunderground
9/24/2025,Cần Thơ,South,29.57142857,73.85714286,4.4,5.857142857,1006.771429,520,Wunderground
9/25/2025,Cần Thơ,South,28.375,74.25,8.4,7.25,1008.325,803,Wunderground
9/26/2025,Cần Thơ,South,28,75.25,17.7,5.5,1009.1375,803,Wunderground
9/27/2025,Cần Thơ,South,27.375,79.25,14,3.375,1008.35,803,Wunderground
9/28/2025,Cần Thơ,South,26.875,81.25,53.6,5.875,1006.8125,803,Wunderground
9/29/2025,Cần Thơ,South,27.25,79.5,22.2,7.25,1008.0625,803,Wunderground
9/30/2025,Cần Thơ,South,28.375,72.375,0.1,4.625,1009.0375,803,Wunderground
10/1/2025,Cần Thơ,South,28.75,73.625,15.3,3.75,1009.45,803,Wunderground
10/2/2025,Cần Thơ,South,28.875,71.875,0,2.5,1009.0625,803,Wunderground
10/3/2025,Cần Thơ,South,28.5,73.83333333,18,2.5,1008.866667,803,Wunderground
10/4/2025,Cần Thơ,South,29.625,71.375,0,4.625,1009.9125,803,Wunderground
10/5/2025,Cần Thơ,South,29.75,67.25,0,4.625,1010.5625,803,Wunderground
10/6/2025,Cần Thơ,South,29.75,68.875,0,4.625,1010.7625,803,Wunderground
10/7/2025,Cần Thơ,South,28.75,74,0.4,5.875,1010.9625,803,Wunderground
10/8/2025,Cần Thơ,South,27.14285714,79.14285714,52,3.857142857,1010.4,803,Wunderground
10/9/2025,Cần Thơ,South,27.75,77.25,1,5.125,1009.1625,803,Wunderground
10/10/2025,Cần Thơ,South,27.875,78.5,15,3.25,1008.45,803,Wunderground
10/11/2025,Cần Thơ,South,27.375,79.75,29.4,3.875,1008.45,803,Wunderground
10/12/2025,Cần Thơ,South,29.125,73,0,4.125,1008.075,803,Wunderground
10/13/2025,Cần Thơ,South,28.75,75,2.9,3.75,1007.625,803,Wunderground
10/14/2025,Cần Thơ,South,27.875,78.625,18,5.375,1006.2125,803,Wunderground
10/15/2025,Cần Thơ,South,28.875,75.25,5.6,5.5,1004.025,803,Wunderground
10/16/2025,Cần Thơ,South,28.75,74.875,8.3,5,1003.8875,803,Wunderground
10/17/2025,Cần Thơ,South,28.875,74.5,4.1,5.5,1006.2125,803,Wunderground
10/18/2025,Cần Thơ,South,27.125,82.25,18.8,2.875,1007.0125,803,Wunderground
10/19/2025,Cần Thơ,South,28.25,77.875,19,4.75,1005.9375,803,Wunderground
10/20/2025,Cần Thơ,South,28.625,75.75,11.6,2.375,1006.1,803,Wunderground
10/21/2025,Cần Thơ,South,28.375,76.125,32.7,4.625,1006.7625,803,Wunderground
10/22/2025,Cần Thơ,South,27.875,80.375,37.6,4.75,1007.3,803,Wunderground
10/23/2025,Cần Thơ,South,27.25,80.875,54.6,3.5,1007.3375,803,Wunderground
10/24/2025,Cần Thơ,South,27.625,80.75,12,5.125,1006.8125,803,Wunderground
10/25/2025,Cần Thơ,South,26.875,82.5,26.7,5.125,1008.1,803,Wunderground
10/26/2025,Cần Thơ,South,26.625,84.25,42,3.875,1008.5875,803,Wunderground
10/27/2025,Cần Thơ,South,28,75.5,0.8,3.5,1009.325,803,Wunderground
10/28/2025,Cần Thơ,South,28,76.875,16.4,2.875,1008.875,803,Wunderground
10/29/2025,Cần Thơ,South,27.25,81.25,6,4.375,1006.9875,803,Wunderground
10/30/2025,Cần Thơ,South,28.625,73.875,3,4.125,1008.3375,803,Wunderground
10/31/2025,Cần Thơ,South,29.375,73,0,3.75,1009.85,803,Wunderground
11/1/2025,Cần Thơ,South,28.75,77,14.9,4.125,1009.6625,803,Wunderground
11/2/2025,Cần Thơ,South,27.25,77.125,2.2,2.875,1009.8,803,Wunderground
11/3/2025,Cần Thơ,South,27.75,75.625,11.9,5,1009.175,803,Wunderground
11/4/2025,Cần Thơ,South,27.875,79.25,26.9,3.25,1008.7,803,Wunderground
11/5/2025,Cần Thơ,South,28.875,74.125,0,4.5,1007.275,521,Wunderground
11/6/2025,Cần Thơ,South,28.375,79.5,13.8,3.75,1006.225,803,Wunderground
11/7/2025,Cần Thơ,South,28.25,79.375,8.7,6.375,1007.25,803,Wunderground
11/8/2025,Cần Thơ,South,29.125,75,4.7,5.625,1008.9125,803,Wunderground
11/9/2025,Cần Thơ,South,29.125,77.375,25.2,3.375,1008.925,803,Wunderground
11/10/2025,Cần Thơ,South,29.125,75,0.1,3.75,1008.05,803,Wunderground
11/11/2025,Cần Thơ,South,28.75,74.875,11,3.125,1008,803,Wunderground
11/12/2025,Cần Thơ,South,28.5,76.875,1.4,3.375,1009.3,803,Wunderground
11/13/2025,Cần Thơ,South,28.25,78.875,51,3.625,1009.95,803,Wunderground
11/14/2025,Cần Thơ,South,28.125,75.5,0.5,4.5,1009.2,803,Wunderground
11/15/2025,Cần Thơ,South,28.375,63.625,0,5.5,1010.1875,803,Wunderground
11/16/2025,Cần Thơ,South,27.75,74.5,11.8,6,1010.5875,803,Wunderground
11/17/2025,Cần Thơ,South,27,83.875,12,6.875,1010.2625,803,Wunderground
11/18/2025,Cần Thơ,South,28.375,74.875,3,5.125,1009.6625,803,Wunderground
11/19/2025,Cần Thơ,South,28,73.25,7.8,8.25,1010.075,803,Wunderground
11/20/2025,Cần Thơ,South,27.5,71.375,0.1,7.5,1010.675,803,Wunderground
11/21/2025,Cần Thơ,South,26.875,74,0.1,9.375,1011.4625,200,Wunderground
11/22/2025,Cần Thơ,South,26.875,72.25,43.4,6,1010.9625,803,Wunderground
11/23/2025,Cần Thơ,South,27.5,77.125,2.8,6.875,1009.7375,803,Wunderground
11/24/2025,Cần Thơ,South,28.625,71.25,0,8.25,1009.0125,803,Wunderground
11/25/2025,Cần Thơ,South,27.75,76.625,5.2,5.5,1008.325,803,Wunderground
11/26/2025,Cần Thơ,South,27.875,66.5,3.6,6.375,1008.6125,803,Wunderground
11/27/2025,Cần Thơ,South,27.75,62.75,0,7.25,1009,803,Wunderground
11/28/2025,Cần Thơ,South,26.25,59.75,0,8.5,1009.7,803,Wunderground
11/29/2025,Cần Thơ,South,26.375,59.375,0,4.25,1009.8375,803,Wunderground
11/30/2025,Cần Thơ,South,28.125,66.75,0,4.125,1009.775,803,Wunderground
12/1/2025,Cần Thơ,South,28.375,71.5,0,2.875,1009.2625,803,Wunderground
12/2/2025,Cần Thơ,South,28.625,70.625,0,3.75,1009.2375,803,Wunderground
12/3/2025,Cần Thơ,South,28.125,74.5,17,3.375,1010.225,803,Wunderground
12/4/2025,Cần Thơ,South,27.75,75.375,0,4.625,1009.8125,803,Wunderground
12/5/2025,Cần Thơ,South,29,67,0,8.125,1011.65,803,Wunderground
12/6/2025,Cần Thơ,South,28.625,68.375,0,7.25,1012.025,803,Wunderground
12/7/2025,Cần Thơ,South,28.125,70.375,0,4.25,1011.9875,803,Wunderground
12/8/2025,Cần Thơ,South,27.625,64.625,0,4.125,1011.9625,803,Wunderground
12/9/2025,Cần Thơ,South,26.875,69.125,0,3.25,1011.3875,803,Wunderground
12/10/2025,Cần Thơ,South,27.875,69.625,0,6.5,1010.15,520,Wunderground
12/11/2025,Cần Thơ,South,26.375,81.25,56.2,6.75,1010.55,803,Wunderground
12/12/2025,Cần Thơ,South,28.375,71.625,0,6.375,1010.0375,803,Wunderground
12/13/2025,Cần Thơ,South,28.5,70.5,0,3.25,1010.125,803,Wunderground
12/14/2025,Cần Thơ,South,28.75,67.5,0,8.125,1009.975,803,Wunderground
12/15/2025,Cần Thơ,South,28.625,65.625,0,8.625,1010.6,803,Wunderground
12/16/2025,Cần Thơ,South,28.875,71.625,0,4.75,1010.8,803,Wunderground
12/17/2025,Cần Thơ,South,28.125,73.125,1,4.25,1010.5125,803,Wunderground
12/18/2025,Cần Thơ,South,28.375,68.625,0,5.125,1009.775,803,Wunderground
12/19/2025,Cần Thơ,South,28.5,70,0,3.875,1008.5,803,Wunderground
12/20/2025,Cần Thơ,South,29.125,71.75,0,5.625,1008.375,803,Wunderground
12/21/2025,Cần Thơ,South,28.875,69.5,0,4.75,1008.9,803,Wunderground
12/22/2025,Cần Thơ,South,28.125,73.375,7,2.875,1008.7,803,Wunderground
12/23/2025,Cần Thơ,South,27.5,76.125,0,3.625,1008.35,520,Wunderground
12/24/2025,Cần Thơ,South,27.5,74.75,4.5,3.25,1007.325,803,Wunderground
12/25/2025,Cần Thơ,South,27,78.625,2,4.625,1008.3875,803,Wunderground
12/26/2025,Cần Thơ,South,27.875,68.625,0,7.625,1009.3125,803,Wunderground
12/27/2025,Cần Thơ,South,27.25,71,0,5.25,1010.2,803,Wunderground
12/28/2025,Cần Thơ,South,27.5,69.75,0,4.75,1011.225,803,Wunderground
12/29/2025,Cần Thơ,South,27.5,72.375,0,4.375,1010.525,803,Wunderground
12/30/2025,Cần Thơ,South,27.375,71.125,0,4.375,1009.95,803,Wunderground
12/31/2025,Cần Thơ,South,26.875,68.5,0,3.875,1009.3125,803,Wunderground
1/1/2025,TP.HCM,South,27.27083333,70.20833333,0,7.395833333,1008.093333,801,Wunderground
1/2/2025,TP.HCM,South,27.58333333,73.14583333,0.3,7.479166667,1008.196458,801,Wunderground
1/3/2025,TP.HCM,South,28.45833333,66.04166667,0.8,9.1875,1008.362917,801,Wunderground
1/4/2025,TP.HCM,South,27.60416667,65.45833333,0.2,7.708333333,1008.591667,803,Wunderground
1/5/2025,TP.HCM,South,27.3125,67.5,0,8.6875,1009.633333,803,Wunderground
1/6/2025,TP.HCM,South,26.875,72.8125,0,7.3125,1009.404167,801,Wunderground
1/7/2025,TP.HCM,South,26.875,72.97916667,0,9.333333333,1009.6125,801,Wunderground
1/8/2025,TP.HCM,South,26.95833333,75.20833333,0,7.75,1009.654167,801,Wunderground
1/9/2025,TP.HCM,South,26.83333333,69.04166667,0,7.3125,1010.466667,801,Wunderground
1/10/2025,TP.HCM,South,27.8125,65.97916667,0,8.479166667,1011.633333,801,Wunderground
1/11/2025,TP.HCM,South,26.54166667,55.70833333,0,11.83333333,1012.404167,801,Wunderground
1/12/2025,TP.HCM,South,26.02083333,55.41666667,0,12.16666667,1011.841667,801,Wunderground
1/13/2025,TP.HCM,South,24.80851064,59.76595745,0,10.21276596,1010.821277,801,Wunderground
1/14/2025,TP.HCM,South,25.45833333,77.66666667,9.5,7.083333333,1010.633333,801,Wunderground
1/15/2025,TP.HCM,South,27.80851064,77.76595745,5.3,6.978723404,1010.182979,801,Wunderground
1/16/2025,TP.HCM,South,28.375,63.54166667,0.7,12.45833333,1010.4875,801,Wunderground
1/17/2025,TP.HCM,South,26.8125,60.10416667,0,10.29166667,1009.779167,801,Wunderground
1/18/2025,TP.HCM,South,26.77083333,64.89583333,0,7.666666667,1009.133333,801,Wunderground
1/19/2025,TP.HCM,South,27.47916667,76.41666667,0,8.333333333,1008.176458,801,Wunderground
1/20/2025,TP.HCM,South,27.25,69.47916667,0,8.791666667,1008.008958,803,Wunderground
1/21/2025,TP.HCM,South,26.5625,70.75,0,7.916666667,1008.820833,801,Wunderground
1/22/2025,TP.HCM,South,26.75,67.3125,0,8.1875,1009.008333,801,Wunderground
1/23/2025,TP.HCM,South,27.4375,72.45833333,0,6.458333333,1009.1125,801,Wunderground
1/24/2025,TP.HCM,South,27.89583333,71.875,0.3,9.895833333,1007.78,801,Wunderground
1/25/2025,TP.HCM,South,28.125,69.45833333,0,9.375,1007.801667,801,Wunderground
1/26/2025,TP.HCM,South,27.72916667,71.16666667,0.4,9.229166667,1008.176042,803,Wunderground
1/27/2025,TP.HCM,South,26.45833333,63.77083333,0,7.666666667,1008.633958,802,Wunderground
1/28/2025,TP.HCM,South,25.8125,65.4375,0,8.3125,1011.320833,801,Wunderground
1/29/2025,TP.HCM,South,24.5,63.91666667,0,8.9375,1012.549792,801,Wunderground
1/30/2025,TP.HCM,South,24.77083333,64.14583333,0,8.666666667,1010.154167,801,Wunderground
1/31/2025,TP.HCM,South,26.5625,64.41666667,0,7.041666667,1008.634375,801,Wunderground
2/1/2025,TP.HCM,South,27.16666667,70.5625,0,10.91666667,1007.739375,801,Wunderground
2/2/2025,TP.HCM,South,27.41666667,68.79166667,0,7.833333333,1007.697708,801,Wunderground
2/3/2025,TP.HCM,South,28.14583333,68.1875,0,8.5,1008.17625,801,Wunderground
2/4/2025,TP.HCM,South,27.6875,62.16666667,0,8.583333333,1009.1125,801,Wunderground
2/5/2025,TP.HCM,South,26.91666667,64.1875,0,9.520833333,1008.80125,801,Wunderground
2/6/2025,TP.HCM,South,26.83333333,67.79166667,0,10,1008.55125,801,Wunderground
2/7/2025,TP.HCM,South,27.25,65.0625,0,7.125,1009.029167,801,Wunderground
2/8/2025,TP.HCM,South,27.39583333,62.85416667,0,8.5625,1009.1125,803,Wunderground
2/9/2025,TP.HCM,South,26.79166667,56.6875,0,9.791666667,1009.466667,801,Wunderground
2/10/2025,TP.HCM,South,27.10416667,59.5625,0,8.458333333,1009.695833,801,Wunderground
2/11/2025,TP.HCM,South,27.77083333,70.375,7.6,8.708333333,1009.544681,803,Wunderground
2/12/2025,TP.HCM,South,27.77083333,80.45833333,6.7,10,1009.480851,801,Wunderground
2/13/2025,TP.HCM,South,27.06382979,86,4.7,9.276595745,1009.995652,803,Wunderground
2/14/2025,TP.HCM,South,27.83333333,80.91666667,5.2,9.125,1009.140426,804,Wunderground
2/15/2025,TP.HCM,South,27.95833333,81.5625,2.4,10.35416667,1008.227021,801,Wunderground
2/16/2025,TP.HCM,South,28.45833333,72.5625,0.6,10.47916667,1009.161702,801,Wunderground
2/17/2025,TP.HCM,South,28.79166667,65.54166667,0.2,9.083333333,1010.246809,801,Wunderground
2/18/2025,TP.HCM,South,28.5625,70.39583333,1.2,8.583333333,1010.195833,801,Wunderground
2/19/2025,TP.HCM,South,27,78.5,11.8,8.979166667,1010.140426,801,Wunderground
2/20/2025,TP.HCM,South,28.22916667,72.4375,0.3,8.333333333,1009.945833,801,Wunderground
2/21/2025,TP.HCM,South,28.1875,69.44680851,2.2,8.916666667,1010.716667,801,Wunderground
2/22/2025,TP.HCM,South,27.125,79.52083333,1.7,8.458333333,1010.820833,801,Wunderground
2/23/2025,TP.HCM,South,28.10416667,74.54166667,1.5,12.04166667,1011.7375,801,Wunderground
2/24/2025,TP.HCM,South,29.20833333,66.47916667,0.2,12.66666667,1012.3,801,Wunderground
2/25/2025,TP.HCM,South,28.45833333,66.33333333,0.2,9.625,1013.133333,801,Wunderground
2/26/2025,TP.HCM,South,29.57446809,61.06382979,0.1,10.0212766,1012.714894,801,Wunderground
2/27/2025,TP.HCM,South,28.86666667,63.33333333,0,10.75555556,1010.4,801,Wunderground
2/28/2025,TP.HCM,South,29.25531915,60.59574468,0,11.82978723,1010.097872,801,Wunderground
3/1/2025,TP.HCM,South,29.06976744,61.60465116,0,13.97674419,1008.940465,801,Wunderground
3/2/2025,TP.HCM,South,28.6875,63.1875,0,14.79166667,1007.802292,801,Wunderground
3/3/2025,TP.HCM,South,29.25,68.6875,0,15.02083333,1007.156875,801,Wunderground
3/4/2025,TP.HCM,South,28.89583333,73.4375,0,11.5,1006.990417,801,Wunderground
3/5/2025,TP.HCM,South,29.0625,73.27083333,0,10.89583333,1006.595417,801,Wunderground
3/6/2025,TP.HCM,South,29.52083333,70.79166667,0.6,15.70833333,1008.030208,801,Wunderground
3/7/2025,TP.HCM,South,29.89583333,67.47916667,0.8,13.95833333,1007.53125,801,Wunderground
3/8/2025,TP.HCM,South,29.79166667,66.27083333,0.9,8.729166667,1008.613542,801,Wunderground
3/9/2025,TP.HCM,South,29.5,61.8125,0.9,13.29166667,1009.9875,802,Wunderground
3/10/2025,TP.HCM,South,29.85416667,65.10416667,6.2,11.875,1010.070833,801,Wunderground
3/11/2025,TP.HCM,South,29.4375,70.625,0,9.833333333,1008.945833,801,Wunderground
3/12/2025,TP.HCM,South,30.41666667,63.54166667,1,15.125,1007.697917,801,Wunderground
3/13/2025,TP.HCM,South,30.29166667,60.89583333,0,17.35416667,1008.05125,801,Wunderground
3/14/2025,TP.HCM,South,30.08333333,65.16666667,0,14.5625,1009.029167,801,Wunderground
3/15/2025,TP.HCM,South,29.64583333,72.35416667,0,14.27083333,1009.091667,803,Wunderground
3/16/2025,TP.HCM,South,29.20833333,72.27083333,1.6,14.39583333,1008.862708,801,Wunderground
3/17/2025,TP.HCM,South,29.10416667,72.22916667,8.2,9.479166667,1008.904167,802,Wunderground
3/18/2025,TP.HCM,South,30.02083333,67.16666667,1.1,8.333333333,1009.591667,801,Wunderground
3/19/2025,TP.HCM,South,29.58333333,56.54166667,0,10.54166667,1011.633333,801,Wunderground
3/20/2025,TP.HCM,South,27.63414634,59.92682927,0,10.31707317,1012.897561,801,Wunderground
3/21/2025,TP.HCM,South,28.64285714,60.80952381,0,10.23809524,1012.157143,801,Wunderground
3/22/2025,TP.HCM,South,29.47916667,62.60416667,0,9.1875,1011.05,801,Wunderground
3/23/2025,TP.HCM,South,29.20833333,62.1875,0,9.6875,1010.55,801,Wunderground
3/24/2025,TP.HCM,South,28.47826087,65.19565217,0,10.32608696,1008.736304,801,Wunderground
3/25/2025,TP.HCM,South,27.875,66.47916667,0,13.64583333,1006.782083,801,Wunderground
3/26/2025,TP.HCM,South,27.83333333,72.1875,0,13.08333333,1005.432292,801,Wunderground
3/27/2025,TP.HCM,South,28.58333333,69.375,0,13.33333333,1004.891458,801,Wunderground
3/28/2025,TP.HCM,South,29.35416667,69.6875,0.1,13.5,1005.369167,801,Wunderground
3/29/2025,TP.HCM,South,29.52083333,71.6875,0.4,15.95833333,1006.658542,801,Wunderground
3/30/2025,TP.HCM,South,30.47916667,64.875,2.1,14.9375,1008.01,801,Wunderground
3/31/2025,TP.HCM,South,28.85416667,76.47916667,2.9,8.083333333,1007.967708,801,Wunderground
4/1/2025,TP.HCM,South,28.02083333,84.95833333,21,6.833333333,1007.946667,802,Wunderground
4/2/2025,TP.HCM,South,29.02083333,72.8125,0.8,12.9375,1008.800208,801,Wunderground
4/3/2025,TP.HCM,South,30.125,62.9375,0.1,13.04166667,1009.7375,801,Wunderground
4/4/2025,TP.HCM,South,29.875,63.39583333,0,13.375,1008.925,801,Wunderground
4/5/2025,TP.HCM,South,29.5625,67.27083333,0,15.5625,1008.633958,801,Wunderground
4/6/2025,TP.HCM,South,29.875,66.91666667,0,15.39583333,1008.904792,801,Wunderground
4/7/2025,TP.HCM,South,30.60416667,58.66666667,0,13.5625,1009.6125,801,Wunderground
4/8/2025,TP.HCM,South,30.22916667,62.10416667,0.1,12.375,1010.2375,801,Wunderground
4/9/2025,TP.HCM,South,30.14583333,65.64583333,1.3,14.20833333,1008.489167,801,Wunderground
4/10/2025,TP.HCM,South,29.5,75.47916667,1.3,10.75,1007.032708,801,Wunderground
4/11/2025,TP.HCM,South,29.91666667,74.25,1,11.45833333,1006.6575,801,Wunderground
4/12/2025,TP.HCM,South,30.9375,68.10416667,0.4,11,1007.365,801,Wunderground
4/13/2025,TP.HCM,South,30.6875,72.10416667,1.7,14.5625,1007.739583,801,Wunderground
4/14/2025,TP.HCM,South,30.91666667,66.27083333,4.7,13.60416667,1008.322083,801,Wunderground
4/15/2025,TP.HCM,South,29.77083333,72.25,1.7,10.5625,1008.051458,801,Wunderground
4/16/2025,TP.HCM,South,30.41666667,67.5625,1.8,14.39583333,1008.010208,802,Wunderground
4/17/2025,TP.HCM,South,30.25,73.72916667,1.7,9.666666667,1007.573542,803,Wunderground
4/18/2025,TP.HCM,South,30.97916667,71.8125,1.6,11.75,1007.032292,803,Wunderground
4/19/2025,TP.HCM,South,31.16666667,68.02083333,0.4,12.9375,1006.740625,801,Wunderground
4/20/2025,TP.HCM,South,30.77083333,67.77083333,0,14.35416667,1007.427292,801,Wunderground
4/21/2025,TP.HCM,South,30.875,68.08333333,1.9,14.3125,1008.696042,801,Wunderground
4/22/2025,TP.HCM,South,30.375,71.45833333,3.9,14.5625,1008.966667,801,Wunderground
4/23/2025,TP.HCM,South,29.75,73.22916667,2.8,9.875,1007.946875,803,Wunderground
4/24/2025,TP.HCM,South,29.60416667,75.3125,4.5,9.145833333,1007.613958,801,Wunderground
4/25/2025,TP.HCM,South,30.58333333,71.64583333,3,10.75,1007.781042,802,Wunderground
4/26/2025,TP.HCM,South,29.0625,80.375,15.2,10.8125,1008.322083,802,Wunderground
4/27/2025,TP.HCM,South,29.66666667,73.04166667,0,11.14583333,1008.489375,801,Wunderground
4/28/2025,TP.HCM,South,30.9375,67.10416667,0,13.6875,1007.13625,801,Wunderground
4/29/2025,TP.HCM,South,30.85416667,64.95833333,0.1,11.75,1007.468333,801,Wunderground
4/30/2025,TP.HCM,South,30.72916667,63.91666667,0,10.27083333,1007.115417,801,Wunderground
5/1/2025,TP.HCM,South,31.16666667,63.22916667,2.5,13.875,1007.677083,801,Wunderground
5/2/2025,TP.HCM,South,30.9375,65.91666667,3.2,16.125,1007.115208,801,Wunderground
5/3/2025,TP.HCM,South,29.58333333,75.04166667,7.6,13.79166667,1007.093958,801,Wunderground
5/4/2025,TP.HCM,South,29.625,73.02083333,1.1,8.3125,1006.076042,801,Wunderground
5/5/2025,TP.HCM,South,30.6875,71.5625,0.9,12.75,1006.09625,802,Wunderground
5/6/2025,TP.HCM,South,30.89583333,73.20833333,3.7,12.41666667,1006.01375,803,Wunderground
5/7/2025,TP.HCM,South,30.97916667,73.4375,3.7,11.625,1005.37,801,Wunderground
5/8/2025,TP.HCM,South,31.45833333,69.97916667,0.4,13.5,1005.161667,801,Wunderground
5/9/2025,TP.HCM,South,30.91666667,74.39583333,1.4,11.52083333,1005.265417,802,Wunderground
5/10/2025,TP.HCM,South,26.95833333,88.8125,8,8.375,1006.118125,801,Wunderground
5/11/2025,TP.HCM,South,29.27083333,77.60416667,10.5,7.75,1004.787083,801,Wunderground
5/12/2025,TP.HCM,South,28.89583333,80.8125,7.5,7.354166667,1005.058542,801,Wunderground
5/13/2025,TP.HCM,South,29.91666667,78.1875,7.7,7.583333333,1006.803333,803,Wunderground
5/14/2025,TP.HCM,South,30.02083333,77.83333333,5.9,11.22916667,1007.635208,802,Wunderground
5/15/2025,TP.HCM,South,29.41666667,78.875,12.1,10,1007.697292,802,Wunderground
5/16/2025,TP.HCM,South,30.16666667,78.08333333,5.7,10.45833333,1007.073542,801,Wunderground
5/17/2025,TP.HCM,South,29.85416667,78.45833333,3.3,12.66666667,1007.406667,801,Wunderground
5/18/2025,TP.HCM,South,30.875,70.47916667,1.4,13.125,1006.678542,801,Wunderground
5/19/2025,TP.HCM,South,30.35416667,75.625,14.1,13.39583333,1006.408125,801,Wunderground
5/20/2025,TP.HCM,South,29.45833333,79.45833333,1.2,8.5625,1006.32625,801,Wunderground
5/21/2025,TP.HCM,South,28.9375,83.625,12,7.791666667,1006.055208,521,Wunderground
5/22/2025,TP.HCM,South,28.02083333,88.16666667,32,8.208333333,1004.808542,801,Wunderground
5/23/2025,TP.HCM,South,28.10638298,87.53191489,9.9,8.936170213,1003.788723,801,Wunderground
5/24/2025,TP.HCM,South,27.42553191,89.10638298,17.7,7.340425532,1005.042553,803,Wunderground
5/25/2025,TP.HCM,South,28.77083333,82.35416667,19,10.77083333,1006.78375,521,Wunderground
5/26/2025,TP.HCM,South,29.77083333,77.04166667,6,10.72916667,1007.0525,802,Wunderground
5/27/2025,TP.HCM,South,30.625,74.27083333,25,13.25,1006.221458,801,Wunderground
5/28/2025,TP.HCM,South,29.875,76.08333333,25.9,8.895833333,1005.369583,802,Wunderground
5/29/2025,TP.HCM,South,27.79166667,87.125,24.9,10.72916667,1007.011458,521,Wunderground
5/30/2025,TP.HCM,South,28.875,79.10416667,21,11.6875,1008.321875,801,Wunderground
5/31/2025,TP.HCM,South,27.97916667,81.625,10.4,13.39583333,1008.904167,801,Wunderground
6/1/2025,TP.HCM,South,28.95833333,82.3125,1,11.625,1008.197917,521,Wunderground
6/2/2025,TP.HCM,South,28.35416667,87.97916667,2,11.79166667,1007.489375,803,Wunderground
6/3/2025,TP.HCM,South,27.0625,88.97916667,5.9,11.6875,1007.031667,801,Wunderground
6/4/2025,TP.HCM,South,28.16666667,86.41666667,6.5,10.10416667,1006.761875,802,Wunderground
6/5/2025,TP.HCM,South,29.45833333,81.08333333,2.5,13.3125,1006.574167,801,Wunderground
6/6/2025,TP.HCM,South,29.5625,81.02083333,18.3,15.08333333,1006.5325,802,Wunderground
6/7/2025,TP.HCM,South,28.60416667,88.54166667,23.4,11.875,1006.304792,801,Wunderground
6/8/2025,TP.HCM,South,28.22916667,85.3125,24.4,16.47916667,1005.931042,801,Wunderground
6/9/2025,TP.HCM,South,28.10416667,85.47916667,20.8,15.52083333,1004.93375,802,Wunderground
6/10/2025,TP.HCM,South,27.27083333,89.625,18.1,13.47916667,1004.018333,802,Wunderground
6/11/2025,TP.HCM,South,26.97916667,86.3125,13,15.29166667,1003.830833,801,Wunderground
6/12/2025,TP.HCM,South,27.64583333,83.95833333,3.3,20.33333333,1004.22625,801,Wunderground
6/13/2025,TP.HCM,South,27.6875,86.64583333,10.2,15.72916667,1006.513333,801,Wunderground
6/14/2025,TP.HCM,South,29.14583333,82.08333333,19.2,11.8125,1007.614375,803,Wunderground
6/15/2025,TP.HCM,South,29.9375,79.54166667,6,12.25,1006.615625,801,Wunderground
6/16/2025,TP.HCM,South,29.35416667,82.04166667,10.6,9.333333333,1006.470208,200,Wunderground
6/17/2025,TP.HCM,South,28.20930233,85.46511628,15.1,7,1007.174651,802,Wunderground
6/18/2025,TP.HCM,South,28.875,84.70833333,8.1,9.291666667,1006.990208,801,Wunderground
6/19/2025,TP.HCM,South,29.02083333,83.95833333,8.2,10.3125,1006.3675,801,Wunderground
6/20/2025,TP.HCM,South,27.60416667,88.08333333,15.2,9.0625,1006.533333,801,Wunderground
6/21/2025,TP.HCM,South,27.97916667,84,3,10.10416667,1006.263125,802,Wunderground
6/22/2025,TP.HCM,South,27.53191489,82.40425532,11.7,18.14893617,1007.142553,801,Wunderground
6/23/2025,TP.HCM,South,28.8125,77.39583333,2,17.5625,1006.5325,801,Wunderground
6/24/2025,TP.HCM,South,28.67391304,80.82608696,11.1,14.97826087,1006.044783,801,Wunderground
6/25/2025,TP.HCM,South,28.13043478,87.13043478,19.1,13.80434783,1006.674783,801,Wunderground
6/26/2025,TP.HCM,South,26.6875,89.91666667,26,9.791666667,1007.51,803,Wunderground
6/27/2025,TP.HCM,South,26.625,92.04166667,13,9.75,1007.072917,801,Wunderground
6/28/2025,TP.HCM,South,27.60416667,84.95833333,19.8,16.77083333,1006.533333,801,Wunderground
6/29/2025,TP.HCM,South,27.6875,82.16666667,5.9,17.375,1005.308125,801,Wunderground
6/30/2025,TP.HCM,South,28.86666667,76.97777778,0.9,13.66666667,1004.832222,801,Wunderground
7/1/2025,TP.HCM,South,29.0212766,79.44680851,16.7,15.21276596,1005.063404,801,Wunderground
7/2/2025,TP.HCM,South,28.76086957,78.30434783,21,14.19565217,1005.979783,801,Wunderground
7/3/2025,TP.HCM,South,28.19047619,81.21428571,10.6,13.11904762,1006.87381,801,Wunderground
7/4/2025,TP.HCM,South,28.36956522,80.84782609,2.4,13.36956522,1006.39087,801,Wunderground
7/5/2025,TP.HCM,South,29.3125,79.45833333,9.9,16.5,1005.369583,801,Wunderground
7/6/2025,TP.HCM,South,29.1875,80.45833333,10.4,19.75,1005.785417,801,Wunderground
7/7/2025,TP.HCM,South,28.27083333,82.70833333,16,17.77083333,1006.906875,801,Wunderground
7/8/2025,TP.HCM,South,28.72916667,78.625,15,16.4375,1007.177708,801,Wunderground
7/9/2025,TP.HCM,South,28.875,77.5,25.4,19.66666667,1006.241458,801,Wunderground
7/10/2025,TP.HCM,South,29.26315789,78.5,6.3,17.63157895,1004.178421,801,Wunderground
7/11/2025,TP.HCM,South,29.575,79.2,6.5,23.425,1003.21,801,Wunderground
7/12/2025,TP.HCM,South,29.5,78.4375,18.1,16.20833333,1004.684375,801,Wunderground
7/13/2025,TP.HCM,South,29.52083333,81.20833333,7.8,15.77083333,1005.72375,801,Wunderground
7/14/2025,TP.HCM,South,28.22916667,84.85416667,19.8,12.77083333,1005.805,801,Wunderground
7/15/2025,TP.HCM,South,29.04166667,79.54166667,15.7,18.14583333,1005.349792,801,Wunderground
7/16/2025,TP.HCM,South,27.93617021,81.91489362,11.1,15.40425532,1006.527872,801,Wunderground
7/17/2025,TP.HCM,South,27.5106383,87.5106383,15.1,13,1006.35766,801,Wunderground
7/18/2025,TP.HCM,South,29,81.21276596,11,14.38297872,1005.296383,801,Wunderground
7/19/2025,TP.HCM,South,27.875,84.9375,12.1,19.35416667,1003.185,801,Wunderground
7/20/2025,TP.HCM,South,26.27083333,90.5625,3.4,18.14583333,1003.6225,802,Wunderground
7/21/2025,TP.HCM,South,26.91489362,87.91489362,5.4,18.63829787,1004.533404,801,Wunderground
7/22/2025,TP.HCM,South,28.55319149,81.31914894,2,20.91489362,1003.724894,801,Wunderground
7/23/2025,TP.HCM,South,29.75,77.14583333,18.4,22.85416667,1003.330833,803,Wunderground
7/24/2025,TP.HCM,South,29.9375,77.16666667,0,19.91666667,1004.496458,801,Wunderground
7/25/2025,TP.HCM,South,29.83333333,77.04166667,4,19.4375,1004.518125,801,Wunderground
7/26/2025,TP.HCM,South,29.80851064,80.31914894,1.1,18.9787234,1005.255745,801,Wunderground
7/27/2025,TP.HCM,South,27.52083333,88.6875,15.9,20.20833333,1005.557917,801,Wunderground
7/28/2025,TP.HCM,South,27.91666667,85.14583333,3.6,18.375,1005.453958,803,Wunderground
7/29/2025,TP.HCM,South,29.70833333,79.27083333,14.7,22.375,1004.787917,801,Wunderground
7/30/2025,TP.HCM,South,30.10416667,78.33333333,0.3,23.58333333,1005.619375,801,Wunderground
7/31/2025,TP.HCM,South,29.47916667,78.9375,11.5,22.14583333,1005.785417,801,Wunderground
8/1/2025,TP.HCM,South,30.4375,76.77083333,0.8,21.25,1004.892292,801,Wunderground
8/2/2025,TP.HCM,South,30.95833333,73.08333333,1.7,18.4375,1005.951667,801,Wunderground
8/3/2025,TP.HCM,South,30.89583333,73.85416667,3.2,16.79166667,1007.34375,801,Wunderground
8/4/2025,TP.HCM,South,31.20833333,73,9,13.125,1006.88625,801,Wunderground
8/5/2025,TP.HCM,South,30.4375,75.83333333,4.8,16.83333333,1006.615833,801,Wunderground
8/6/2025,TP.HCM,South,29.6875,75.14583333,7.6,13.625,1006.969167,801,Wunderground
8/7/2025,TP.HCM,South,30.02083333,72.60416667,1.7,10.625,1007.614167,801,Wunderground
8/8/2025,TP.HCM,South,29.78723404,74.44680851,6.8,12.21276596,1007.950213,521,Wunderground
8/9/2025,TP.HCM,South,28.70833333,80.45833333,27.9,10.75,1007.71875,801,Wunderground
8/10/2025,TP.HCM,South,29.10416667,75.29166667,7.8,11.54166667,1006.386458,801,Wunderground
8/11/2025,TP.HCM,South,27.47916667,87.22916667,13.5,11.95833333,1005.805208,521,Wunderground
8/12/2025,TP.HCM,South,28.79166667,78.6875,4.4,14.45833333,1006.096667,803,Wunderground
8/13/2025,TP.HCM,South,28.875,78.58333333,17.1,14.6875,1006.782083,801,Wunderground
8/14/2025,TP.HCM,South,27.20833333,86.66666667,35.1,10.04166667,1005.805833,801,Wunderground
8/15/2025,TP.HCM,South,27.27083333,89.70833333,17.5,9.5625,1004.1225,521,Wunderground
8/16/2025,TP.HCM,South,26.64583333,89.91666667,28.8,13.1875,1004.475625,801,Wunderground
8/17/2025,TP.HCM,South,27.20833333,81.66666667,17,15.14583333,1006.659583,801,Wunderground
8/18/2025,TP.HCM,South,27.79166667,78.77083333,0.6,9.979166667,1008.133333,801,Wunderground
8/19/2025,TP.HCM,South,29.41304348,75.34782609,3,11.30434783,1007.997174,801,Wunderground
8/20/2025,TP.HCM,South,29.125,78.64583333,28.5,10.45833333,1007.24,803,Wunderground
8/21/2025,TP.HCM,South,26,89.0625,45.9,12.52083333,1008.78,802,Wunderground
8/22/2025,TP.HCM,South,27.83333333,77.85416667,4.8,12.44680851,1008.238542,801,Wunderground
8/23/2025,TP.HCM,South,28.57446809,76.82978723,11.6,14.31914894,1007.164681,801,Wunderground
8/24/2025,TP.HCM,South,28.16666667,81.95833333,15.5,18.35416667,1005.825208,801,Wunderground
8/25/2025,TP.HCM,South,27.16666667,86.35416667,13.7,18.52083333,1005.536042,801,Wunderground
8/26/2025,TP.HCM,South,26.83333333,85.29166667,4.8,10.97916667,1007.780625,801,Wunderground
8/27/2025,TP.HCM,South,28.83333333,78.70833333,11.4,13.64583333,1007.593542,803,Wunderground
8/28/2025,TP.HCM,South,27.8125,82.375,29.7,13.66666667,1006.490417,521,Wunderground
8/29/2025,TP.HCM,South,26.97916667,88.04166667,34.7,12.95833333,1005.950625,801,Wunderground
8/30/2025,TP.HCM,South,26.6875,90.14583333,8.2,13.70833333,1005.577917,801,Wunderground
8/31/2025,TP.HCM,South,27.60416667,89.16666667,23.5,12.97916667,1005.287708,801,Wunderground
9/1/2025,TP.HCM,South,27.86363636,87.27272727,7.2,11.93181818,1005.240455,521,Wunderground
9/2/2025,TP.HCM,South,27.41304348,89.34782609,44.4,9.695652174,1005.979565,521,Wunderground
9/3/2025,TP.HCM,South,27.65217391,87.2826087,12.7,9.5,1005.957826,521,Wunderground
9/4/2025,TP.HCM,South,28.58695652,83.86956522,15.4,9.826086957,1005.524348,801,Wunderground
9/5/2025,TP.HCM,South,29.27083333,81.35416667,25.6,13.95833333,1005.660625,801,Wunderground
9/6/2025,TP.HCM,South,28.97916667,83.02083333,24.6,13.89583333,1006.221875,801,Wunderground
9/7/2025,TP.HCM,South,27.1875,90.3125,40.3,13.91666667,1007.26125,521,Wunderground
9/8/2025,TP.HCM,South,25.83333333,92.60416667,13.4,8.083333333,1008.362917,801,Wunderground
9/9/2025,TP.HCM,South,26.41666667,90.79166667,10.9,8.166666667,1009.1125,801,Wunderground
9/10/2025,TP.HCM,South,28.4375,82.45833333,6.6,8.020833333,1008.3225,801,Wunderground
9/11/2025,TP.HCM,South,27.97916667,87.22916667,5.5,6.9375,1007.302083,801,Wunderground
9/12/2025,TP.HCM,South,27.16666667,87.26190476,12,8.380952381,1007.515714,801,Wunderground
9/13/2025,TP.HCM,South,27.60416667,89.54166667,6.4,7.125,1008.071875,802,Wunderground
9/14/2025,TP.HCM,South,27.77083333,83.9375,21.1,9.375,1008.405,801,Wunderground
9/15/2025,TP.HCM,South,28.75,78.66666667,12.4,9.645833333,1008.530625,801,Wunderground
9/16/2025,TP.HCM,South,26.91666667,87.1875,11.7,10.0625,1007.863958,801,Wunderground
9/17/2025,TP.HCM,South,26.95833333,90.375,17,9.458333333,1006.55375,802,Wunderground
9/18/2025,TP.HCM,South,27.52083333,88.20833333,14.6,10.54166667,1005.930833,521,Wunderground
9/19/2025,TP.HCM,South,27.6875,83.5625,12.9,15.54166667,1007.780625,801,Wunderground
9/20/2025,TP.HCM,South,29.02083333,79.22916667,5.1,13.70833333,1007.261042,801,Wunderground
9/21/2025,TP.HCM,South,28.625,82.14583333,20.9,14.5625,1006.366667,521,Wunderground
9/22/2025,TP.HCM,South,25.95833333,93.875,17.6,9.3125,1007.052708,801,Wunderground
9/23/2025,TP.HCM,South,27.47916667,85.70833333,2.6,11.04166667,1006.449167,521,Wunderground
9/24/2025,TP.HCM,South,28.13953488,87.18604651,1.9,14.18604651,1004.925349,801,Wunderground
9/25/2025,TP.HCM,South,27.95833333,85.625,15.1,16.22916667,1005.348958,521,Wunderground
9/26/2025,TP.HCM,South,26.97916667,90.02083333,15.6,11.02083333,1007.05375,500,Wunderground
9/27/2025,TP.HCM,South,25.75,95.64583333,14.1,11.33333333,1006.429583,521,Wunderground
9/28/2025,TP.HCM,South,26.79166667,91.5,14.2,14.29166667,1004.454583,803,Wunderground
9/29/2025,TP.HCM,South,27.04347826,89.5,20.6,13.32608696,1007.021522,521,Wunderground
9/30/2025,TP.HCM,South,27.42553191,86.5106383,8.6,9.170212766,1008.842553,801,Wunderground
10/1/2025,TP.HCM,South,26.6875,88.29166667,7.8,6.979166667,1008.529375,741,Wunderground
10/2/2025,TP.HCM,South,28.0625,81.20833333,0,7.291666667,1008.5925,802,Wunderground
10/3/2025,TP.HCM,South,27.57142857,87.71428571,13,7.523809524,1009.038095,801,Wunderground
10/4/2025,TP.HCM,South,28.35416667,80.33333333,5.9,8.041666667,1009.695833,801,Wunderground
10/5/2025,TP.HCM,South,28.81818182,78.95454545,2,9.5,1009.618182,801,Wunderground
10/6/2025,TP.HCM,South,29.0625,74.875,10.9,12.875,1009.216667,801,Wunderground
10/7/2025,TP.HCM,South,28.72916667,78.875,3.7,12.45833333,1009.071042,801,Wunderground
10/8/2025,TP.HCM,South,28.25,84.75,24.4,9.208333333,1008.135417,521,Wunderground
10/9/2025,TP.HCM,South,27.75,83.875,3.2,8.875,1007.572917,801,Wunderground
10/10/2025,TP.HCM,South,27.77083333,80.95833333,5.9,8.3125,1007.176875,801,Wunderground
10/11/2025,TP.HCM,South,27.46808511,87.10638298,18,6.787234043,1007.142553,801,Wunderground
10/12/2025,TP.HCM,South,27.4375,87.375,9.6,5.9375,1007.260208,801,Wunderground
10/13/2025,TP.HCM,South,27.0625,91.95833333,20.1,6.5,1007.302083,200,Wunderground
10/14/2025,TP.HCM,South,27.62790698,86.06976744,11.9,8.255813953,1007.661395,801,Wunderground
10/15/2025,TP.HCM,South,28.375,82.91666667,9.4,7.9375,1006.137083,801,Wunderground
10/16/2025,TP.HCM,South,28.35555556,81.02222222,0.7,8.222222222,1005.827778,801,Wunderground
10/17/2025,TP.HCM,South,28.36363636,81.52272727,4.8,6.727272727,1006.463636,801,Wunderground
10/18/2025,TP.HCM,South,27.4375,86.41666667,5.5,7.458333333,1006.15875,801,Wunderground
10/19/2025,TP.HCM,South,27.60416667,85.0625,0.3,7.520833333,1004.787708,801,Wunderground
10/20/2025,TP.HCM,South,28.875,81.91666667,12,7.479166667,1004.496875,801,Wunderground
10/21/2025,TP.HCM,South,29.14583333,80.58333333,8.5,9.416666667,1005.162292,803,Wunderground
10/22/2025,TP.HCM,South,27.9375,89.4375,10.8,7.75,1006.034792,200,Wunderground
10/23/2025,TP.HCM,South,27.20833333,89.47916667,4.6,6.979166667,1007.011875,801,Wunderground
10/24/2025,TP.HCM,South,27.16666667,89.47916667,17.9,7.75,1007.07375,801,Wunderground
10/25/2025,TP.HCM,South,26.625,90.47916667,2.2,6.5625,1006.6575,741,Wunderground
10/26/2025,TP.HCM,South,26.20833333,91.4375,10.6,7.791666667,1007.426875,521,Wunderground
10/27/2025,TP.HCM,South,26.72916667,91.27083333,4,8.583333333,1007.385833,803,Wunderground
10/28/2025,TP.HCM,South,26.08333333,97.125,35.4,5.833333333,1006.387708,521,Wunderground
10/29/2025,TP.HCM,South,27.3125,90.29166667,6.9,10.14583333,1005.91,801,Wunderground
10/30/2025,TP.HCM,South,27.20833333,92.5625,4.4,8.0625,1007.220417,802,Wunderground
10/31/2025,TP.HCM,South,28.14583333,84.20833333,9.4,9.1875,1009.425,801,Wunderground
11/1/2025,TP.HCM,South,26.39583333,93.47916667,32,6.9375,1009.466667,741,Wunderground
11/2/2025,TP.HCM,South,27.60416667,86.5,6.8,9.5,1008.488958,802,Wunderground
11/3/2025,TP.HCM,South,26.45833333,92.5625,19.3,6.895833333,1007.635417,801,Wunderground
11/4/2025,TP.HCM,South,27.79166667,85.3125,15.1,6.625,1007.115,200,Wunderground
11/5/2025,TP.HCM,South,27.27659574,91.44680851,8.7,6.829787234,1005.933617,803,Wunderground
11/6/2025,TP.HCM,South,26.97916667,93.875,9.1,9.5,1004.288542,521,Wunderground
11/7/2025,TP.HCM,South,27.375,92.27083333,8.9,10.5625,1005.785208,802,Wunderground
11/8/2025,TP.HCM,South,28.08333333,87.125,5.3,7.4375,1007.98875,802,Wunderground
11/9/2025,TP.HCM,South,27.91666667,86.20833333,9.8,5.833333333,1007.406458,801,Wunderground
11/10/2025,TP.HCM,South,27.875,86.14583333,2,9.208333333,1006.94875,802,Wunderground
11/11/2025,TP.HCM,South,28.58333333,83.33333333,3.8,7.8125,1007.489375,801,Wunderground
11/12/2025,TP.HCM,South,27.79166667,85.20833333,7.1,9,1008.800208,801,Wunderground
11/13/2025,TP.HCM,South,28.20833333,85.60416667,9.1,7.604166667,1009.529167,802,Wunderground
11/14/2025,TP.HCM,South,28.33333333,72.77777778,0.2,8.111111111,1008.866667,803,Wunderground
11/15/2025,TP.HCM,South,27.22916667,69.58333333,0,7.333333333,1009.029167,801,Wunderground
11/16/2025,TP.HCM,South,26.91666667,85.45833333,21.7,7.0625,1009.154167,803,Wunderground
11/17/2025,TP.HCM,South,27.25,86.16666667,11.9,9.0625,1009.175,801,Wunderground
11/18/2025,TP.HCM,South,27.02083333,88.54166667,10.1,8.5625,1008.300833,801,Wunderground
11/19/2025,TP.HCM,South,27.89583333,77.8125,23.2,11.79166667,1008.592708,801,Wunderground
11/20/2025,TP.HCM,South,27.14583333,74.47916667,0.6,10.41666667,1009.2375,802,Wunderground
11/21/2025,TP.HCM,South,27.10416667,74.35416667,0.3,10.41666667,1009.8,801,Wunderground
11/22/2025,TP.HCM,South,26.4375,76.875,2.7,9.0625,1009.216667,801,Wunderground
11/23/2025,TP.HCM,South,27.875,78.10416667,4.4,6.354166667,1008.258333,801,Wunderground
11/24/2025,TP.HCM,South,28.54166667,79.4375,1.2,7.8125,1007.552292,801,Wunderground
11/25/2025,TP.HCM,South,28.29166667,66.04166667,0,12.58333333,1007.135625,801,Wunderground
11/26/2025,TP.HCM,South,27.45652174,61.54347826,0,10.47826087,1007.562391,801,Wunderground
11/27/2025,TP.HCM,South,26.79166667,62.875,0,12.10416667,1008.030417,801,Wunderground
11/28/2025,TP.HCM,South,24.9375,62.89583333,0,11.25,1008.11375,801,Wunderground
11/29/2025,TP.HCM,South,26.10416667,69.47916667,0,11.0625,1007.885,801,Wunderground
11/30/2025,TP.HCM,South,27.58333333,70.95833333,0.6,9.916666667,1008.134375,801,Wunderground
12/1/2025,TP.HCM,South,29.14893617,67.36170213,0.1,8.085106383,1008.375957,801,Wunderground
12/2/2025,TP.HCM,South,29.22916667,77.04166667,5.3,9.166666667,1008.321667,801,Wunderground
12/3/2025,TP.HCM,South,27.45833333,87.75,29.1,7.645833333,1008.9875,804,Wunderground
12/4/2025,TP.HCM,South,26.47916667,88.9375,9.3,14.04166667,1009.6125,802,Wunderground
12/5/2025,TP.HCM,South,27.8125,80.33333333,0.8,6.9375,1010.8,801,Wunderground
12/6/2025,TP.HCM,South,26.89361702,76.19148936,0.3,7.829787234,1010.565957,803,Wunderground
12/7/2025,TP.HCM,South,27.22916667,72.64583333,0.4,7.1875,1010.2375,803,Wunderground
12/8/2025,TP.HCM,South,26.25,61.3125,0,8.916666667,1010.2375,801,Wunderground
12/9/2025,TP.HCM,South,27,67.82978723,0.1,8.808510638,1009.374468,801,Wunderground
12/10/2025,TP.HCM,South,26.77083333,76.41666667,13.1,8.770833333,1008.9875,804,Wunderground
12/11/2025,TP.HCM,South,27.64583333,81.08333333,8,11.0625,1008.8625,801,Wunderground
12/12/2025,TP.HCM,South,28.35416667,77.1875,0,8.6875,1008.508958,801,Wunderground
12/13/2025,TP.HCM,South,28.04166667,82.5625,15.9,6.416666667,1008.363542,741,Wunderground
12/14/2025,TP.HCM,South,28.64583333,72.29166667,0.1,7.166666667,1008.6125,802,Wunderground
12/15/2025,TP.HCM,South,28.14583333,70.95833333,0,8.020833333,1009.383333,803,Wunderground
12/16/2025,TP.HCM,South,28.54166667,72.58333333,0.3,8.666666667,1009.070833,801,Wunderground
12/17/2025,TP.HCM,South,28.25531915,76.89361702,0.7,7.212765957,1009.395745,802,Wunderground
12/18/2025,TP.HCM,South,28.66666667,68.27083333,0.5,7.8125,1008.966667,801,Wunderground
12/19/2025,TP.HCM,South,28.04166667,71.97916667,0.3,8.604166667,1007.489375,801,Wunderground
12/20/2025,TP.HCM,South,28.22916667,78.125,0.4,7.395833333,1007.0525,801,Wunderground
12/21/2025,TP.HCM,South,28.3125,74.35416667,0.2,8.354166667,1007.343542,801,Wunderground
12/22/2025,TP.HCM,South,28.6875,76.60416667,1,7.395833333,1007.218958,803,Wunderground
12/23/2025,TP.HCM,South,28.8125,72.5,0.8,9.083333333,1006.990208,801,Wunderground
12/24/2025,TP.HCM,South,27.79166667,80.0625,7.1,8.395833333,1006.679375,521,Wunderground
12/25/2025,TP.HCM,South,26.95833333,90.27083333,26.7,6.458333333,1007.531042,804,Wunderground
12/26/2025,TP.HCM,South,27.64583333,75.70833333,1.6,7.395833333,1008.529167,803,Wunderground
12/27/2025,TP.HCM,South,27.02083333,76.75,0.7,8.9375,1009.383333,801,Wunderground
12/28/2025,TP.HCM,South,27.5,73.89583333,0,8.375,1010.070833,801,Wunderground
12/29/2025,TP.HCM,South,26.95833333,76.125,0,8.25,1009.716667,801,Wunderground
12/30/2025,TP.HCM,South,26.77083333,69.08333333,0,8.583333333,1008.904167,801,Wunderground
12/31/2025,TP.HCM,South,26.4375,68.79166667,0,8.6875,1007.822917,801,Wunderground
