Province	Date	Time_Recorded_12h	Min_Temp_C_Day	Max_Temp_C_Day	Temp_C_12h	DewPoint_C_12h	Humidity_%_12h	Condition_12h	WindDirection_12h	WindSpeed_kmh_12h	WindGust_kmh_12h	Pressure_mb_12h	Precipitation_mm_12h	UV_Index_12h	Visibility_km_12h
Ca_Mau	7/1/2025	13:00	28	30	28	25	82	Rain Shower	WSW	11		1008.4		6	9
Ca_Mau	7/2/2025	13:00	28	30	30	22	62	Mostly Cloudy	WNW	4		1008.2		6	20
Ca_Mau	7/3/2025	13:00	27	31	31	23	63	Mostly Cloudy	WSW	7		1008.5		6	20
Ca_Mau	7/4/2025	13:00	26	32	32	23	59	Mostly Cloudy	W	7		1008.2		6	20
Ca_Mau	7/5/2025	13:00	26	30	30	24	69	Mostly Cloudy	WSW	11		1007.2		6	20
Ca_Mau	7/6/2025	13:00	26	29	29	23	70	Mostly Cloudy	WSW	11		1008.3		6	20
Ca_Mau	7/7/2025	13:00	26	31	31	22	59	Mostly Cloudy	WSW	4		1008.9		6	20
Ca_Mau	7/8/2025	13:00	26	30	30	21	60	Mostly Cloudy	WNW	4		1010.5		6	20
Ca_Mau	7/9/2025	13:00	26	30	26	24	88	Rain	CALM	0		1009.9		6	9
Ca_Mau	7/10/2025	13:00	27	32	32	24	64	Mostly Cloudy	W	7		1006.4		6	20
Ca_Mau	7/11/2025	13:00	26	30	26	24	87	Rain Shower	NW	4		1005.1		6	9
Ca_Mau	7/12/2025	13:00	27	30	29	24	73	Mostly Cloudy	WSW	7		1006.5		6	20
Ca_Mau	7/13/2025	13:00	28	31	31	24	64	Mostly Cloudy	W	4		1008		6	20
Ca_Mau	7/14/2025	13:00	27	32	32	23	61	Mostly Cloudy	W	7		1008		6	20
Ca_Mau	7/15/2025	13:00	26	32	32	23	60	Mostly Cloudy	SW	7		1006.3		6	20
Ca_Mau	7/16/2025	13:00	27	30	30	22	64	Mostly Cloudy	SW	11		1006.6		6	20
Ca_Mau	7/17/2025	13:00	27	29	28	24	80	Mostly Cloudy	WSW	7		1007.1		6	20
Ca_Mau	7/18/2025	13:00	27	30	30	22	62	Mostly Cloudy	WSW	11		1006.9		6	20
Ca_Mau	7/19/2025	13:00	28	31	31	23	61	Mostly Cloudy	WSW	7		1003.5		6	20
Ca_Mau	7/20/2025	13:00	26	29	29	23	72	Mostly Cloudy	NNW	4		1005		6	20
Ca_Mau	7/21/2025	13:00	26	32	32	23	58	Mostly Cloudy	WSW	18		1006.1		6	20
Ca_Mau	7/22/2025	13:00	28	32	32	23	57	Mostly Cloudy	W	14		1005.5		6	20
Ca_Mau	7/23/2025	13:00	28	33	32	22	56	Mostly Cloudy	WSW	14		1005.1		6	20
Ca_Mau	7/24/2025	13:00	28	32	32	22	55	Mostly Cloudy	SW	4		1005.2		6	20
Ca_Mau	7/25/2025	13:00	28	32	32	21	53	Mostly Cloudy	W	14		1006.3		6	20
Ca_Mau	7/26/2025	13:00	29	33	33	24	62	Mostly Cloudy	WSW	7		1008.2		6	20
Ca_Mau	7/27/2025	13:00	29	32	32	24	62	Mostly Cloudy	SW	7		1007.1		6	20
Ca_Mau	7/28/2025	13:00	26	29	26	23	87	Heavy Rain Shower	NNW	4		1008.4		5	4
Ca_Mau	7/29/2025	13:00	27	33	33	22	53	Mostly Cloudy	SW	18		1006.4		6	20
Ca_Mau	7/30/2025	13:00	28	32	29	23	66	Mostly Cloudy	SW	7		1007.3		6	20
Ca_Mau	7/31/2025	13:00	28	32	32	22	55	Mostly Cloudy	WSW	7		1006.9		6	20
Ca_Mau	8/1/2025	13:00	29	33	33	24	58	Mostly Cloudy	WSW	11		1006.4		6	20
Ca_Mau	8/2/2025	13:00	28	33	33	23	56	Mostly Cloudy	SSW	14		1007.4		6	20
Ca_Mau	8/3/2025	13:00	26	33	33	23	56	Mostly Cloudy	WSW	7		1008.5		6	20
Ca_Mau	8/4/2025	13:00	27	32	32	23	58	Mostly Cloudy	SW	7		1007.3		6	20
Ca_Mau	8/5/2025	13:00	28	33	33	23	55	Mostly Cloudy	WSW	11		1007.2		7	20
Ca_Mau	8/6/2025	10:00	28	31	31	23	63	Mostly Cloudy	S	4		1010.1		5	20
Ca_Mau	8/7/2025	13:00	28	32	32	21	53	Mostly Cloudy	SW	4		1008.4		7	20
Ca_Mau	8/8/2025	13:00	28	32	32	23	58	Thunder	W	7		1009.1		7	20
Ca_Mau	8/9/2025	13:00	28	31	31	26	74	Thunder	NNE	7		1009.8		5	9
Ca_Mau	8/10/2025	13:00	26	31	28	23	74	Mostly Cloudy	SW	4		1009.5		7	20
Ca_Mau	8/11/2025	13:00	26	30	30	22	61	Mostly Cloudy	WNW	11		1008.6		7	20
Ca_Mau	8/12/2025	13:00	27	31	31	22	60	Mostly Cloudy	WSW	11		1007.2		7	20
Ca_Mau	8/13/2025	13:00	27	29	27	23	77	Mostly Cloudy	SW	7		1009.8		7	20
Ca_Mau	8/14/2025	13:00	27	30	27	24	87	Cloudy	WNW	7		1008.9		5	9
Ca_Mau	8/15/2025	13:00	25	27	25	23	86	Rain	WSW	7		1006		5	4
Ca_Mau	8/16/2025	13:00	25	27	27	23	82	Heavy Rain Shower	W	7		1008.4		5	2
Ca_Mau	8/17/2025	13:00	25	30	29	21	64	Mostly Cloudy	W	11		1008.8		7	20
Ca_Mau	8/18/2025	13:00	26	31	31	21	53	Mostly Cloudy	SW	11		1009.7		7	20
Ca_Mau	8/19/2025	13:00	28	33	32	21	52	Mostly Cloudy	WSW	4		1008.8		7	20
Ca_Mau	8/20/2025	13:00	28	32	32	21	52	Mostly Cloudy	WSW	7		1008.3		7	20
Ca_Mau	8/21/2025	13:00	26	30	30	25	74	Mostly Cloudy	SSW	14		1009.5		7	20
Ca_Mau	8/22/2025	13:00	26	29	28	24	82	Mostly Cloudy	WSW	7		1011.7		7	20
Ca_Mau	8/23/2025	13:00	27	30	27	24	86	Light Rain Shower	WSW	7		1010.5		7	9
Ca_Mau	8/24/2025	13:00	26	30	26	23	83	Mostly Cloudy	SW	14		1008.8		7	20
Ca_Mau	8/25/2025	13:00	27	29	28	24	82	Mostly Cloudy	WSW	4		1008.8		7	20
Ca_Mau	8/26/2025	13:00	26	31	31	21	56	Mostly Cloudy	SW	7		1009.1		7	20
Ca_Mau	8/27/2025	13:00	28	30	30	23	68	Mostly Cloudy	WSW	11		1009.5		7	20
Ca_Mau	8/28/2025	13:00	27	30	30	23	66	Mostly Cloudy	WSW	7		1008.8		7	20
Ca_Mau	8/29/2025	13:00	26	29	29	23	66	Mostly Cloudy	WSW	7		1008.2		7	20
Ca_Mau	8/30/2025	13:00	26	30	30	24	70	Mostly Cloudy	WNW	11		1007.4		7	20
Ca_Mau	8/31/2025	13:00	27	29	28	24	81	Mostly Cloudy	WNW	4		1006.4		7	20
Ca_Mau	9/1/2025	10:00	26	31	31	23	65	Mostly Cloudy	W	11		1007.8		5	20
Ca_Mau	9/2/2025	13:00	26	29	29	24	75	Mostly Cloudy	WSW	4		1007.3		7	20
Ca_Mau	9/3/2025	13:00	26	31	30	22	60	Mostly Cloudy	NW	14		1006.8		7	20
Ca_Mau	9/4/2025	13:00	27	30	29	24	72	Mostly Cloudy	WNW	7		1006.9		7	20
Ca_Mau	9/5/2025	13:00	27	31	31	23	60	Mostly Cloudy	WSW	7		1006.4		7	20
Ca_Mau	9/6/2025	13:00	29	30	30	24	71	Mostly Cloudy	WSW	14		1008.2		7	20
Ca_Mau	9/7/2025	13:00	27	31	31	23	64	Mostly Cloudy	WSW	7		1006.8		7	20
Ca_Mau	9/8/2025	13:00	26	30	26	23	84	Rain Shower	WSW	4		1010		5	9
Ca_Mau	9/9/2025	13:00	26	32	31	22	56	Mostly Cloudy	WSW	18		1009.9		6	20
Ca_Mau	9/10/2025	13:00	28	31	31	24	68	Mostly Cloudy	CALM	0		1009.7		6	20
Ca_Mau	9/11/2025	13:00	28	33	33	23	58	Thunder	NW	4		1008.3		6	20
Ca_Mau	9/12/2025	13:00	26	31	31	22	60	Mostly Cloudy	NE	7		1008.8		6	20
Ca_Mau	9/13/2025	13:00	26	31	31	21	58	Mostly Cloudy	NE	7		1009		6	20
Ca_Mau	9/14/2025	13:00	26	29	29	24	74	Mostly Cloudy	W	7		1010.2		6	20
Ca_Mau	9/15/2025	13:00	27	32	32	22	55	Mostly Cloudy	WSW	11		1009.3		6	20
Ca_Mau	9/16/2025	13:00	27	32	32	22	57	Mostly Cloudy	WSW	7		1008.9		6	20
Ca_Mau	9/17/2025	13:00	27	31	27	24	84	Heavy Rain Shower	W	4		1008.4		6	4
Ca_Mau	9/18/2025	13:00	25	27	25	22	82	Rain	W	11		1008.1		5	9
Ca_Mau	9/19/2025	13:00	25	31	31	22	59	Mostly Cloudy	WSW	11		1009.2		6	20
Ca_Mau	9/20/2025	13:00	28	32	32	21	53	Mostly Cloudy	WSW	7		1008.5		6	20
Ca_Mau	9/21/2025	13:00	28	32	32	21	54	Mostly Cloudy	WSW	11		1007.5		6	20
Ca_Mau	9/22/2025	13:00	28	32	32	21	53	Mostly Cloudy	WNW	7		1008.4		6	20
Ca_Mau	9/23/2025	13:00	28	32	32	22	53	Mostly Cloudy	WSW	11		1008.2		6	20
Ca_Mau	9/24/2025	13:00	28	32	32	23	59	Mostly Cloudy	WSW	11		1007.1		6	20
Ca_Mau	9/25/2025	13:00	27	30	29	22	63	Mostly Cloudy	WSW	11		1008.5		6	20
Ca_Mau	9/26/2025	13:00	25	30	30	21	59	Mostly Cloudy	WSW	11		1009		6	20
Ca_Mau	9/27/2025	13:00	26	29	28	24	76	Mostly Cloudy	WNW	4		1008.2		6	20
Ca_Mau	9/28/2025	13:00	26	29	26	23	83	Heavy Rain Shower	NNW	7		1007.4		5	2
Ca_Mau	9/29/2025	13:00	26	29	29	23	73	Mostly Cloudy	SW	11		1008.1		6	20
Ca_Mau	9/30/2025	13:00	27	31	29	21	60	Mostly Cloudy	SW	4		1009		6	20
Ca_Mau	10/1/2025	13:00	27	31	31	21	52	Mostly Cloudy	NW	7		1008.8		6	20
Ca_Mau	10/2/2025	13:00	27	31	31	20	51	Mostly Cloudy	ENE	4		1009		6	20
Ca_Mau	10/3/2025	13:00	27	32	32	22	55	Mostly Cloudy	ESE	7		1008.3		6	20
Ca_Mau	10/4/2025	13:00	28	32	32	22	58	Mostly Cloudy	WSW	11		1010.1		6	20
Ca_Mau	10/5/2025	13:00	28	32	31	21	52	Mostly Cloudy	WSW	4		1010.4		6	20
Ca_Mau	10/6/2025	13:00	28	32	32	21	52	Mostly Cloudy	W	7		1010.8		6	20
Ca_Mau	10/7/2025	13:00	26	32	31	23	63	Mostly Cloudy	WSW	14		1011		6	20
Ca_Mau	10/8/2025	10:00	26	30	30	23	64	Mostly Cloudy	WSW	4		1012.1		5	20
Ca_Mau	10/9/2025	13:00	26	31	31	24	67	Mostly Cloudy	WSW	11		1009.3		6	20
Ca_Mau	10/10/2025	13:00	27	30	30	23	65	Mostly Cloudy	SW	4		1008		6	20
Ca_Mau	10/11/2025	13:00	27	29	27	23	79	Heavy Rain Shower	SSE	4		1008.5		5	4
Ca_Mau	10/12/2025	13:00	27	32	32	22	56	Mostly Cloudy	WSW	7		1008.2		6	20
Ca_Mau	10/13/2025	13:00	27	31	31	22	57	Mostly Cloudy	SW	7		1007.1		6	20
Ca_Mau	10/14/2025	13:00	27	31	31	22	56	Thunder	S	7		1006		6	20
Ca_Mau	10/15/2025	13:00	27	32	32	22	55	Mostly Cloudy	ENE	7		1003.3		6	20
Ca_Mau	10/16/2025	13:00	27	31	29	22	67	Mostly Cloudy	NE	7		1004		6	20
Ca_Mau	10/17/2025	13:00	28	31	31	22	61	Mostly Cloudy	NNE	4		1006.4		6	20
Ca_Mau	10/18/2025	13:00	26	29	27	24	83	Light Rain Shower	ENE	4		1008		6	9
Ca_Mau	10/19/2025	13:00	26	32	32	23	60	Mostly Cloudy	ENE	7		1005.4		6	20
Ca_Mau	10/20/2025	13:00	26	31	31	23	60	Mostly Cloudy	W	7		1005.9		6	20
Ca_Mau	10/21/2025	13:00	26	31	31	23	63	Mostly Cloudy	NNW	7		1006.2		6	20
Ca_Mau	10/22/2025	13:00	27	31	30	23	68	Mostly Cloudy	N	4		1007.3		6	20
Ca_Mau	10/23/2025	13:00	26	29	28	23	71	Mostly Cloudy	NE	4		1007		6	20
Ca_Mau	10/24/2025	13:00	27	29	27	24	83	Mostly Cloudy	ENE	11		1006.2		6	20
Ca_Mau	10/25/2025	13:00	26	29	27	22	74	Cloudy	SW	14		1008.2		5	20
Ca_Mau	10/26/2025	13:00	26	28	28	26	83	Thunder	WNW	4		1008.2		5	2
Ca_Mau	10/27/2025	13:00	26	30	30	22	62	Mostly Cloudy	NNW	4		1009.1		5	20
Ca_Mau	10/28/2025	13:00	26	29	29	23	69	Cloudy	NNE	4		1008.2		4	20
Ca_Mau	10/29/2025	13:00	27	28	27	24	83	Cloudy	SSW	4		1006.1		4	20
Ca_Mau	10/30/2025	13:00	27	31	31	22	60	Mostly Cloudy	W	7		1009		5	20
Ca_Mau	10/31/2025	13:00	28	31	31	22	58	Mostly Cloudy	S	7		1009.1		5	20
Ca_Mau	11/1/2025	13:00	27	32	32	22	57	Mostly Cloudy	S	7		1008.5		5	20
Ca_Mau	11/2/2025	13:00	26	29	29	22	62	Mostly Cloudy	WNW	4		1010.2		5	20
Ca_Mau	11/3/2025	13:00	26	29	29	22	67	Mostly Cloudy	WNW	7		1009		5	20
Ca_Mau	11/4/2025	13:00	27	29	27	23	82	Mostly Cloudy	W	4		1009.3		5	20
Ca_Mau	11/5/2025	13:00	28	30	30	23	66	Mostly Cloudy	WSW	11		1007		5	20
Ca_Mau	11/6/2025	13:00	28	29	29	25	82	Mostly Cloudy	NNE	11		1006.3		5	9
Ca_Mau	11/7/2025	13:00	28	29	29	24	72	Mostly Cloudy	WSW	7		1007.1		5	20
Ca_Mau	11/8/2025	13:00	27	32	32	22	56	Mostly Cloudy	SW	11		1009.1		5	20
Ca_Mau	11/9/2025	13:00	28	32	32	22	57	Mostly Cloudy	WSW	4		1008.8		5	20
Ca_Mau	11/10/2025	13:00	28	31	31	22	57	Mostly Cloudy	SE	7		1007		5	20
Ca_Mau	11/11/2025	13:00	27	31	31	22	58	Mostly Cloudy	CALM	0		1008.1		5	20
Ca_Mau	11/12/2025	13:00	27	32	32	22	57	Mostly Cloudy	WSW	4		1008.2		5	20
Ca_Mau	11/13/2025	13:00	26	32	32	24	64	Thunder	SSE	4		1009.5		5	20
Ca_Mau	11/14/2025	13:00	27	30	30	22	65	Mostly Cloudy	ENE	11		1008.8		5	20
Ca_Mau	11/15/2025	13:00	27	31	30	17	45	Mostly Cloudy	ENE	7		1010.3		5	20
Ca_Mau	11/16/2025	13:00	26	29	29	22	63	Mostly Cloudy	E	11		1011		5	20
Ca_Mau	11/17/2025	13:00	27	27	27	24	85	Rain	E	11		1010.2		4	9
Ca_Mau	11/18/2025	13:00	27	30	29	24	72	Mostly Cloudy	SE	4		1009		5	20
Ca_Mau	11/19/2025	13:00	27	29	29	21	60	Mostly Cloudy	E	11		1009.8		5	20
Ca_Mau	11/20/2025	13:00	27	28	28	21	66	Mostly Cloudy	NE	7		1010.3		5	20
Ca_Mau	11/21/2025	13:00	26	28	28	22	66	Mostly Cloudy	ESE	14		1011.2		5	20
Ca_Mau	11/22/2025	13:00	25	28	28	19	61	Mostly Cloudy	E	7		1010.6		5	20
Ca_Mau	11/23/2025	13:00	27	28	28	23	71	Mostly Cloudy	ESE	7		1009.5		5	20
Ca_Mau	11/24/2025	13:00	27	31	31	20	53	Mostly Cloudy	ESE	18		1007.9		5	20
Ca_Mau	11/25/2025	13:00	27	31	31	22	57	Mostly Cloudy	E	11		1007.4		5	20
Ca_Mau	11/26/2025	13:00	26	29	29	19	57	Mostly Cloudy	SE	11		1008.1		5	20
Ca_Mau	11/27/2025	13:00	26	29	29	19	55	Mostly Cloudy	E	7		1008.4		5	20
Ca_Mau	11/28/2025	13:00	25	28	27	16	47	Mostly Cloudy	ENE	14		1009.3		5	20
Ca_Mau	11/29/2025	13:00	24	29	28	16	48	Mostly Cloudy	NE	7		1009		5	20
Ca_Mau	11/30/2025	13:00	26	31	30	19	52	Mostly Cloudy	ENE	7		1009.4		5	20
Ca_Mau	12/1/2025	13:00	27	30	30	21	58	Mostly Cloudy	NNW	4		1009.3		5	20
Ca_Mau	12/2/2025	13:00	27	31	31	21	55	Mostly Cloudy	WSW	4		1009.3		5	20
Ca_Mau	12/3/2025	13:00	27	30	30	22	62	Mostly Cloudy	WNW	4		1010.3		5	20
Ca_Mau	12/4/2025	13:00	26	29	29	22	65	Mostly Cloudy	ESE	7		1009.2		5	20
Ca_Mau	12/5/2025	13:00	28	31	31	20	51	Mostly Cloudy	ESE	18		1011.8		5	20
Ca_Mau	12/6/2025	13:00	27	31	31	21	57	Mostly Cloudy	E	7		1011.5		5	20
Ca_Mau	12/7/2025	13:00	26	31	30	19	53	Mostly Cloudy	E	7		1011.8		5	20
Ca_Mau	12/8/2025	13:00	26	29	29	17	48	Mostly Cloudy	ENE	7		1012		5	20
Ca_Mau	12/9/2025	13:00	26	28	28	20	63	Mostly Cloudy	E	7		1011.6		5	20
Ca_Mau	12/10/2025	13:00	26	31	31	22	57	Mostly Cloudy	E	11		1009.1		5	20
Ca_Mau	12/11/2025	13:00	24	28	26	23	83	Light Rain	ESE	4		1010.3		4	9
Ca_Mau	12/12/2025	13:00	27	30	30	21	58	Mostly Cloudy	ESE	7		1009.4		4	20
Ca_Mau	12/13/2025	13:00	26	31	31	21	57	Mostly Cloudy	ESE	7		1010.2		4	20
Ca_Mau	12/14/2025	13:00	27	31	30	21	58	Mostly Cloudy	ESE	11		1009.8		4	20
Ca_Mau	12/15/2025	13:00	27	31	30	21	59	Mostly Cloudy	ESE	11		1010.2		4	20
Ca_Mau	12/16/2025	13:00	27	31	31	23	63	Mostly Cloudy	E	4		1009.4		4	20
Ca_Mau	12/17/2025	13:00	27	30	30	22	60	Mostly Cloudy	E	7		1009.9		5	20
Ca_Mau	12/18/2025	13:00	27	31	30	21	58	Mostly Cloudy	ENE	7		1009.9		5	20
Ca_Mau	12/19/2025	13:00	26	31	31	21	56	Mostly Cloudy	S	4		1008.9		5	20
Ca_Mau	12/20/2025	13:00	28	31	31	21	58	Mostly Cloudy	NE	7		1007.9		5	20
Ca_Mau	12/21/2025	13:00	27	32	32	21	51	Mostly Cloudy	CALM	0		1009		5	20
Ca_Mau	12/22/2025	13:00	27	31	30	21	57	Mostly Cloudy	E	4		1008.1		5	20
Ca_Mau	12/23/2025	13:00	26	30	30	22	61	Mostly Cloudy	NE	7		1008		5	20
Ca_Mau	12/24/2025	13:00	26	29	29	22	66	Mostly Cloudy	WSW	4		1006.8		5	20
Ca_Mau	12/25/2025	13:00	26	29	29	22	64	Mostly Cloudy	E	7		1008.1		5	20
Ca_Mau	12/26/2025	13:00	26	30	30	19	54	Mostly Cloudy	E	14		1009.2		5	20
Ca_Mau	12/27/2025	13:00	26	29	29	21	60	Mostly Cloudy	E	4		1010.7		5	20
Ca_Mau	12/28/2025	13:00	26	29	29	19	55	Mostly Cloudy	ESE	7		1010.2		5	20
Ca_Mau	12/29/2025	13:00	26	29	29	19	56	Mostly Cloudy	SE	4		1010.3		5	20
Ca_Mau	12/30/2025	13:00	26	29	29	20	58	Mostly Cloudy	W	4		1009.8		5	20
Ca_Mau	12/31/2025	13:00	25	29	29	16	46	Mostly Cloudy	E	4		1008.3		5	20
Ca_Mau	1/1/2026	13:00	26	29	28	18	52	Mostly Cloudy	E	7		1010.5		5	20
Ca_Mau	1/2/2026	13:00	25	28	28	19	58	Mostly Cloudy	SW	4		1012.1		5	20
Ca_Mau	1/3/2026	13:00	25	29	29	18	54	Mostly Cloudy	ENE	25		1012.1		5	20
Ca_Mau	1/4/2026	13:00	23	29	29	18	52	Mostly Cloudy	ENE	4		1011.9		5	20
Ca_Mau	1/5/2026	13:00	26	29	29	18	54	Mostly Cloudy	NNE	7		1012.3		5	20
Ca_Mau	1/6/2026	13:00	26	28	27	21	65	Mostly Cloudy	ENE	4		1011.7		5	20
Ca_Mau	1/7/2026	13:00	25	27	26	20	69	Mostly Cloudy	ESE	7		1013.7		5	20
Ca_Mau	1/8/2026	13:00	24	26	24	18	67	Cloudy	E	11		1014.5		4	20
Ca_Mau	1/9/2026	13:00	24	27	27	14	44	Mostly Cloudy	ESE	11		1013.3		5	20
Ca_Mau	1/10/2026	13:00	22	28	28	16	48	Mostly Cloudy	SE	4		1014.2		5	20
Ca_Mau	1/11/2026	13:00	23	28	27	15	48	Mostly Cloudy	ENE	4		1015.2		5	20
Ca_Mau	1/12/2026	13:00	24	28	28	18	55	Mostly Cloudy	NE	7		1014		5	20
Ca_Mau	1/13/2026	13:00	24	26	26	19	66	Mostly Cloudy	ESE	4		1013.2		5	20
Ca_Mau	1/14/2026	13:00	25	28	28	19	60	Mostly Cloudy	SW	4		1012.7		5	20
Ca_Mau	1/15/2026	13:00	24	29	29	20	57	Mostly Cloudy	SW	7		1011.7		5	20
Ca_Mau	1/16/2026	13:00	24	28	28	19	59	Mostly Cloudy	SSE	7		1011.4		5	20
Ca_Mau	1/17/2026	13:00	25	29	28	19	59	Mostly Cloudy	SW	7		1008.8		5	20
Ca_Mau	1/18/2026	13:00	25	29	29	18	51	Mostly Cloudy	SSW	4		1008.3		5	20
Ca_Mau	1/19/2026	13:00	25	29	29	18	51	Mostly Cloudy	SW	7		1009.8		5	20
Ca_Mau	1/20/2026	13:00	24	28	28	19	59	Mostly Cloudy	ESE	7		1011.3		5	20
Ca_Mau	1/21/2026	13:00	24	28	28	19	57	Mostly Cloudy	ESE	7		1012.3		5	20
Ca_Mau	1/22/2026	13:00	24	28	28	18	56	Mostly Cloudy	E	7		1013		5	20
Ca_Mau	1/23/2026	13:00	24	29	28	19	57	Mostly Cloudy	E	7		1014.3		5	20
Ca_Mau	1/24/2026	13:00	24	29	29	18	51	Mostly Cloudy	ESE	11		1014.4		5	20
Ca_Mau	1/25/2026	13:00	25	29	28	19	57	Mostly Cloudy	SW	4		1013.4		5	20
Ca_Mau	1/26/2026	13:00	23	28	28	18	55	Mostly Cloudy	WSW	4		1013.6		5	20
Ca_Mau	1/27/2026	13:00	24	29	29	16	47	Mostly Cloudy	SE	4		1014.2		6	20
Ca_Mau	1/28/2026	13:00	24	28	28	21	66	Mostly Cloudy	SSW	7		1014.3		6	20
Ca_Mau	1/29/2026	13:00	24	28	28	18	54	Mostly Cloudy	SW	4		1013.7		6	20
Ca_Mau	1/30/2026	13:00	24	29	28	19	57	Mostly Cloudy	ESE	7		1014.4		6	20
Ca_Mau	1/31/2026	13:00	24	29	29	19	56	Mostly Cloudy	WSW	4		1014.4		6	20
Ca_Mau	2/1/2026	13:00	24	29	29	19	57	Mostly Cloudy	E	11		1014.2		5	20
Ca_Mau	2/2/2026	13:00	25	29	29	17	50	Mostly Cloudy	ESE	7		1013.9		5	20
Ca_Mau	2/3/2026	13:00	25	29	29	19	54	Mostly Cloudy	E	7		1014.4		6	20
Ca_Mau	2/4/2026	13:00	25	30	30	20	55	Mostly Cloudy	E	11		1013.4		6	20
Ca_Mau	2/5/2026	13:00	26	31	31	21	57	Mostly Cloudy	SW	4		1013.2		6	20
Ca_Mau	2/6/2026	13:00	26	28	28	19	59	Mostly Cloudy	WSW	7		1012.3		6	20
Ca_Mau	2/7/2026	13:00	26	29	28	20	60	Mostly Cloudy	ESE	4		1012.1		6	20
Ca_Mau	2/8/2026	13:00	25	28	27	18	58	Mostly Cloudy	NE	4		1012.8		6	20
Ca_Mau	2/9/2026	13:00	24	29	29	18	53	Mostly Cloudy	E	11		1011.1		6	20
Ca_Mau	2/10/2026	13:00	25	30	30	18	50	Mostly Cloudy	ENE	7		1011.3		6	20
Ca_Mau	2/11/2026	13:00	25	30	29	20	57	Mostly Cloudy	ESE	11		1013.2		6	20
Ca_Mau	2/12/2026	13:00	26	30	30	19	52	Mostly Cloudy	ESE	14		1012.2		6	20
Ca_Mau	2/13/2026	13:00	26	30	30	19	51	Mostly Cloudy	ENE	7		1009.7		6	20
Ca_Mau	2/14/2026	13:00	26	29	29	19	53	Mostly Cloudy	SW	4		1010.9		6	20
Ca_Mau	2/15/2026	13:00	26	31	31	23	64	Cloudy	ESE	7		1009.7		5	20
Ca_Mau	2/16/2026	13:00	26	31	31	20	51	Mostly Cloudy	E	7		1009		6	20
Ca_Mau	2/17/2026	13:00	26	31	31	19	51	Mostly Cloudy	N	7		1009.4		6	20
Ca_Mau	2/18/2026	13:00	26	32	32	19	49	Mostly Cloudy	ESE	11		1011.5		6	20
Ca_Mau	2/19/2026	13:00	26	32	32	20	51	Mostly Cloudy	ESE	14		1013.4		6	20
Ca_Mau	3/3/2026	13:00	27	32	32	24	63	Mostly Cloudy	WSW	4		1010.3		6	20
Ca_Mau	3/4/2026	13:00	28	32	32	23	57	Mostly Cloudy	ESE	11		1010.1		6	20
Ca_Mau	3/5/2026	13:00	27	31	31	22	59	Mostly Cloudy	SE	7		1010.2		6	20
Ca_Mau	3/8/2026	13:00	27	31	31	21	57	Mostly Cloudy	ESE	7		1011.1		7	20
Ca_Mau	3/9/2026	13:00	27	31	31	22	61	Mostly Cloudy	ESE	7		1012.2		7	20
Ca_Mau	3/10/2026	10:00	27	30	30	23	67	Mostly Cloudy	E	4		1014.9		4	20
Ca_Mau	3/11/2026	13:00	27	31	31	21	55	Mostly Cloudy	ESE	11		1011.5		7	20
Ca_Mau	3/12/2026	13:00	27	31	31	22	57	Mostly Cloudy	E	7		1010.3		7	20
Ca_Mau	3/13/2026	10:00	27	29	29	22	65	Mostly Cloudy	ESE	7		1013.1		4	20
Ca_Mau	3/14/2026	13:00	26	31	31	22	58	Mostly Cloudy	ESE	11		1011.9		7	20
Ca_Mau	3/15/2026	10:00	27	31	29	22	67	Mostly Cloudy	ESE	11		1014.7		5	20
Ca_Mau	3/16/2026	10:00	26	30	29	22	65	Mostly Cloudy	ESE	11		1013.4		5	20
Ca_Mau	3/19/2026	13:00	26	29	29	22	63	Mostly Cloudy	SW	4		1012		7	20
Ca_Mau	3/20/2026	13:00	26	28	28	21	64	Mostly Cloudy	SW	7		1011.1		7	20
Ca_Mau	3/21/2026	10:00	26	30	30	22	62	Mostly Cloudy	WSW	7		1012.5		5	20
Ca_Mau	3/22/2026	13:00	26	29	29	20	58	Mostly Cloudy	ENE	7		1012		7	20
Ca_Mau	3/23/2026	13:00	26	30	30	21	59	Mostly Cloudy	WSW	4		1011		7	20
Ca_Mau	3/25/2026	10:00	26	29	29	22	67	Mostly Cloudy	SSE	7		1012.5		5	20
Ca_Mau	3/27/2026	10:00	26	31	29	22	65	Mostly Cloudy	SW	4		1012.4		5	20
Ca_Mau	3/30/2026	10:00	27	29	29	22	67	Mostly Cloudy	SSW	7		1012.2		5	20
Ca_Mau	4/3/2026	13:00	27	31	31	20	51	Mostly Cloudy	SSW	7		1009.2		7	20
Ca_Mau	4/4/2026	13:00	27	33	33	19	45	Mostly Cloudy	WNW	4		1008.4		7	20
Ca_Mau	4/6/2026	13:00	27	34	33	11	26	Mostly Cloudy	W	4		1009.2		7	20
Ca_Mau	4/7/2026	13:00	27	35	34	20	43	Mostly Cloudy	NE	4		1009.2		7	20
Ca_Mau	4/11/2026	13:00	28	34	34	22	48	Mostly Cloudy	W	11		1009.1		7	20
Ca_Mau	4/12/2026	13:00	28	34	34	22	50	Mostly Cloudy	SSW	14		1008.3		7	20
Ca_Mau	4/13/2026	13:00	28	33	33	22	54	Mostly Cloudy	SSE	4		1009.5		6	20
Ca_Mau	4/14/2026	13:00	29	33	33	23	53	Mostly Cloudy	SW	4		1009.2		6	20
Ca_Mau	4/15/2026	10:00	28	32	32	23	61	Mostly Cloudy	WSW	7		1010.3		5	20
Ca_Mau	4/16/2026	13:00	28	33	33	22	54	Mostly Cloudy	WSW	4		1009.1		6	20
Ca_Mau	4/17/2026	10:00	28	34	31	23	62	Mostly Cloudy	SW	11		1011.2		5	20
Ca_Mau	4/19/2026	13:00	29	33	33	23	54	Mostly Cloudy	SW	7		1009.1		6	20
Ca_Mau	4/20/2026	10:00	29	32	31	22	59	Mostly Cloudy	W	4		1011.2		5	20
Ca_Mau	4/22/2026	13:00	27	32	32	18	45	Mostly Cloudy	ESE	7		1008.5		6	20
Ca_Mau	4/23/2026	13:00	27	33	33	21	48	Mostly Cloudy	SW	14		1007.8		6	20
Ca_Mau	4/24/2026	13:00	29	33	33	22	54	Mostly Cloudy	W	4		1008.2		6	20
Ca_Mau	4/25/2026	13:00	27	33	33	23	57	Mostly Cloudy	W	7		1010.2		6	20
Ca_Mau	4/27/2026	10:00	28	33	31	24	68	Mostly Cloudy	SSW	7		1011.1		5	20
Ca_Mau	4/28/2026	13:00	28	33	33	23	56	Mostly Cloudy	SW	7		1009.2		6	20
Ca_Mau	4/29/2026	10:00	28	32	32	23	60	Mostly Cloudy	SSW	4		1012.2		5	20
Ca_Mau	5/1/2026	10:00	28	31	31	24	67	Mostly Cloudy	E	4		1011.9		5	20
Ca_Mau	5/2/2026	13:00	29	33	33	23	56	Mostly Cloudy	SE	4		1009		6	20
Ca_Mau	5/3/2026	13:00	28	29	28	22	71	Thunder	E	7		1009.3		6	20
Ca_Mau	5/5/2026	10:00	28	32	32	23	61	Mostly Cloudy	WNW	4		1010.4		5	20
Ca_Mau	5/6/2026	13:00	27	30	30	24	72	Mostly Cloudy	NNE	4		1009.2		6	20
Ca_Mau	5/8/2026	13:00	28	32	32	24	63	Mostly Cloudy	E	11		1008.3		6	20
Ca_Mau	5/9/2026	13:00	29	33	33	23	55	Mostly Cloudy	ENE	4		1009.1		6	20
Ca_Mau	5/10/2026	10:00	29	32	32	26	68	Mostly Cloudy	ESE	14		1009.9		5	20
Ca_Mau	5/11/2026	13:00	26	31	31	25	70	Mostly Cloudy	ENE	7		1008.2		6	20
Ca_Mau	5/12/2026	13:00	29	33	33	24	59	Mostly Cloudy	WNW	4		1008		6	20
Ca_Mau	5/13/2026	13:00	29	34	34	24	57	Mostly Cloudy	SW	7		1007.1		6	20
Ca_Mau	5/14/2026	13:00	28	32	30	24	73	Mostly Cloudy	WNW	4		1007.2		6	20
Ca_Mau	5/15/2026	10:00	28	32	32	24	64	Mostly Cloudy	NW	4		1008.7		5	20
Ca_Mau	5/16/2026	10:00	29	33	33	24	61	Mostly Cloudy	NW	4		1008.9		5	20
Ca_Mau	5/17/2026	13:00	29	33	33	24	62	Mostly Cloudy	SW	7		1006.4		6	20
Ca_Mau	5/18/2026	10:00	27	33	31	23	62	Mostly Cloudy	WNW	7		1008.3		5	20
Ca_Mau	5/19/2026	13:00	27	33	33	24	59	Mostly Cloudy	NW	11		1007.1		6	20
Ca_Mau	5/20/2026	13:00	28	32	32	24	62	Mostly Cloudy	WSW	14		1005.7		6	20
Ca_Mau	5/21/2026	13:00	26	29	29	23	73	Mostly Cloudy	SSW	7		1009.1		6	20
Ca_Mau	5/22/2026	13:00	28	34	34	23	55	Mostly Cloudy	SSW	7		1009.3		6	20
Ca_Mau	5/23/2026	10:00	28	32	32	24	62	Mostly Cloudy	CALM	0		1012.1		4	20
Ca_Mau	5/24/2026	13:00	27	33	33	24	57	Mostly Cloudy	WNW	7		1010.1		6	20
Ca_Mau	5/25/2026	13:00	28	33	29	26	82	Thunder	NW	4		1010.1		6	20
Ca_Mau	5/26/2026	13:00	28	31	28	27	90	Thunder	NNW	4		1009		6	9
Ca_Mau	5/27/2026	10:00	28	32	31	26	75	Mostly Cloudy	WNW	11		1011		4	20
Ca_Mau	5/28/2026	13:00	29	33	33	26	67	Mostly Cloudy	NNW	7		1008.6		6	20
Ca_Mau	5/29/2026	13:00	24	32	32	26	72	Mostly Cloudy	NNW	7		1009.1		6	20
Ca_Mau	5/30/2026	13:00	26	30	28	27	97	Rain Shower	WSW	7		1008.2		5	9
Ca_Mau	5/31/2026	13:00	26	28	26	25	96	Thunder	WNW	7		1010		5	4
Ca_Mau	6/2/2026	13:00	26	28	27	26	91	Mostly Cloudy	WNW	7		1008		6	20
Ca_Mau	6/3/2026	13:00	26	32	32	27	72	Mostly Cloudy	W	11		1006.4		6	20
Ca_Mau	6/4/2026	10:00	27	32	31	27	79	Mostly Cloudy	W	11		1009		4	20
Can_Tho	7/1/2025	13:00	28	30	28	25	82	Rain Shower	WSW	11		1008.4		6	9
Can_Tho	7/2/2025	13:00	28	30	30	22	62	Mostly Cloudy	WNW	4		1008.2		6	20
Can_Tho	7/3/2025	13:00	27	31	31	23	63	Mostly Cloudy	WSW	7		1008.5		6	20
Can_Tho	7/4/2025	13:00	26	32	32	23	59	Mostly Cloudy	W	7		1008.2		6	20
Can_Tho	7/5/2025	13:00	26	30	30	24	69	Mostly Cloudy	WSW	11		1007.2		6	20
Can_Tho	7/6/2025	13:00	26	29	29	23	70	Mostly Cloudy	WSW	11		1008.3		6	20
Can_Tho	7/7/2025	13:00	26	31	31	22	59	Mostly Cloudy	WSW	4		1008.9		6	20
Can_Tho	7/8/2025	13:00	26	30	30	21	60	Mostly Cloudy	WNW	4		1010.5		6	20
Can_Tho	7/9/2025	13:00	26	30	26	24	88	Rain	CALM	0		1009.9		6	9
Can_Tho	7/10/2025	13:00	27	32	32	24	64	Mostly Cloudy	W	7		1006.4		6	20
Can_Tho	7/11/2025	13:00	26	30	26	24	87	Rain Shower	NW	4		1005.1		6	9
Can_Tho	7/12/2025	13:00	27	30	29	24	73	Mostly Cloudy	WSW	7		1006.5		6	20
Can_Tho	7/13/2025	13:00	28	31	31	24	64	Mostly Cloudy	W	4		1008		6	20
Can_Tho	7/14/2025	13:00	27	32	32	23	61	Mostly Cloudy	W	7		1008		6	20
Can_Tho	7/15/2025	13:00	26	32	32	23	60	Mostly Cloudy	SW	7		1006.3		6	20
Can_Tho	7/16/2025	13:00	27	30	30	22	64	Mostly Cloudy	SW	11		1006.6		6	20
Can_Tho	7/17/2025	13:00	27	29	28	24	80	Mostly Cloudy	WSW	7		1007.1		6	20
Can_Tho	7/18/2025	13:00	27	30	30	22	62	Mostly Cloudy	WSW	11		1006.9		6	20
Can_Tho	7/19/2025	13:00	28	31	31	23	61	Mostly Cloudy	WSW	7		1003.5		6	20
Can_Tho	7/20/2025	13:00	26	29	29	23	72	Mostly Cloudy	NNW	4		1005		6	20
Can_Tho	7/21/2025	13:00	26	32	32	23	58	Mostly Cloudy	WSW	18		1006.1		6	20
Can_Tho	7/22/2025	13:00	28	32	32	23	57	Mostly Cloudy	W	14		1005.5		6	20
Can_Tho	7/23/2025	13:00	28	33	32	22	56	Mostly Cloudy	WSW	14		1005.1		6	20
Can_Tho	7/24/2025	13:00	28	32	32	22	55	Mostly Cloudy	SW	4		1005.2		6	20
Can_Tho	7/25/2025	13:00	28	32	32	21	53	Mostly Cloudy	W	14		1006.3		6	20
Can_Tho	7/26/2025	13:00	29	33	33	24	62	Mostly Cloudy	WSW	7		1008.2		6	20
Can_Tho	7/27/2025	13:00	29	32	32	24	62	Mostly Cloudy	SW	7		1007.1		6	20
Can_Tho	7/28/2025	13:00	26	29	26	23	87	Heavy Rain Shower	NNW	4		1008.4		5	4
Can_Tho	7/29/2025	13:00	27	33	33	22	53	Mostly Cloudy	SW	18		1006.4		6	20
Can_Tho	7/30/2025	13:00	28	32	29	23	66	Mostly Cloudy	SW	7		1007.3		6	20
Can_Tho	7/31/2025	13:00	28	32	32	22	55	Mostly Cloudy	WSW	7		1006.9		6	20
Can_Tho	8/1/2025	13:00	29	33	33	24	58	Mostly Cloudy	WSW	11		1006.4		6	20
Can_Tho	8/2/2025	13:00	28	33	33	23	56	Mostly Cloudy	SSW	14		1007.4		6	20
Can_Tho	8/3/2025	13:00	26	33	33	23	56	Mostly Cloudy	WSW	7		1008.5		6	20
Can_Tho	8/4/2025	13:00	27	32	32	23	58	Mostly Cloudy	SW	7		1007.3		6	20
Can_Tho	8/5/2025	13:00	28	33	33	23	55	Mostly Cloudy	WSW	11		1007.2		7	20
Can_Tho	8/6/2025	10:00	28	31	31	23	63	Mostly Cloudy	S	4		1010.1		5	20
Can_Tho	8/7/2025	13:00	28	32	32	21	53	Mostly Cloudy	SW	4		1008.4		7	20
Can_Tho	8/8/2025	13:00	28	32	32	23	58	Thunder	W	7		1009.1		7	20
Can_Tho	8/9/2025	13:00	28	31	31	26	74	Thunder	NNE	7		1009.8		5	9
Can_Tho	8/10/2025	13:00	26	31	28	23	74	Mostly Cloudy	SW	4		1009.5		7	20
Can_Tho	8/11/2025	13:00	26	30	30	22	61	Mostly Cloudy	WNW	11		1008.6		7	20
Can_Tho	8/12/2025	13:00	27	31	31	22	60	Mostly Cloudy	WSW	11		1007.2		7	20
Can_Tho	8/13/2025	13:00	27	29	27	23	77	Mostly Cloudy	SW	7		1009.8		7	20
Can_Tho	8/14/2025	13:00	27	30	27	24	87	Cloudy	WNW	7		1008.9		5	9
Can_Tho	8/15/2025	13:00	25	27	25	23	86	Rain	WSW	7		1006		5	4
Can_Tho	8/16/2025	13:00	25	27	27	23	82	Heavy Rain Shower	W	7		1008.4		5	2
Can_Tho	8/17/2025	13:00	25	30	29	21	64	Mostly Cloudy	W	11		1008.8		7	20
Can_Tho	8/18/2025	13:00	26	31	31	21	53	Mostly Cloudy	SW	11		1009.7		7	20
Can_Tho	8/19/2025	13:00	28	33	32	21	52	Mostly Cloudy	WSW	4		1008.8		7	20
Can_Tho	8/20/2025	13:00	28	32	32	21	52	Mostly Cloudy	WSW	7		1008.3		7	20
Can_Tho	8/21/2025	13:00	26	30	30	25	74	Mostly Cloudy	SSW	14		1009.5		7	20
Can_Tho	8/22/2025	13:00	26	29	28	24	82	Mostly Cloudy	WSW	7		1011.7		7	20
Can_Tho	8/23/2025	13:00	27	30	27	24	86	Light Rain Shower	WSW	7		1010.5		7	9
Can_Tho	8/24/2025	13:00	26	30	26	23	83	Mostly Cloudy	SW	14		1008.8		7	20
Can_Tho	8/25/2025	13:00	27	29	28	24	82	Mostly Cloudy	WSW	4		1008.8		7	20
Can_Tho	8/26/2025	13:00	26	31	31	21	56	Mostly Cloudy	SW	7		1009.1		7	20
Can_Tho	8/27/2025	13:00	28	30	30	23	68	Mostly Cloudy	WSW	11		1009.5		7	20
Can_Tho	8/28/2025	13:00	27	30	30	23	66	Mostly Cloudy	WSW	7		1008.8		7	20
Can_Tho	8/29/2025	13:00	26	29	29	23	66	Mostly Cloudy	WSW	7		1008.2		7	20
Can_Tho	8/30/2025	13:00	26	30	30	24	70	Mostly Cloudy	WNW	11		1007.4		7	20
Can_Tho	8/31/2025	13:00	27	29	28	24	81	Mostly Cloudy	WNW	4		1006.4		7	20
Can_Tho	9/1/2025	10:00	26	31	31	23	65	Mostly Cloudy	W	11		1007.8		5	20
Can_Tho	9/2/2025	13:00	26	29	29	24	75	Mostly Cloudy	WSW	4		1007.3		7	20
Can_Tho	9/3/2025	13:00	26	31	30	22	60	Mostly Cloudy	NW	14		1006.8		7	20
Can_Tho	9/4/2025	13:00	27	30	29	24	72	Mostly Cloudy	WNW	7		1006.9		7	20
Can_Tho	9/5/2025	13:00	27	31	31	23	60	Mostly Cloudy	WSW	7		1006.4		7	20
Can_Tho	9/6/2025	13:00	29	30	30	24	71	Mostly Cloudy	WSW	14		1008.2		7	20
Can_Tho	9/7/2025	13:00	27	31	31	23	64	Mostly Cloudy	WSW	7		1006.8		7	20
Can_Tho	9/8/2025	13:00	26	30	26	23	84	Rain Shower	WSW	4		1010		5	9
Can_Tho	9/9/2025	13:00	26	32	31	22	56	Mostly Cloudy	WSW	18		1009.9		6	20
Can_Tho	9/10/2025	13:00	28	31	31	24	68	Mostly Cloudy	CALM	0		1009.7		6	20
Can_Tho	9/11/2025	13:00	28	33	33	23	58	Thunder	NW	4		1008.3		6	20
Can_Tho	9/12/2025	13:00	26	31	31	22	60	Mostly Cloudy	NE	7		1008.8		6	20
Can_Tho	9/13/2025	13:00	26	31	31	21	58	Mostly Cloudy	NE	7		1009		6	20
Can_Tho	9/14/2025	13:00	26	29	29	24	74	Mostly Cloudy	W	7		1010.2		6	20
Can_Tho	9/15/2025	13:00	27	32	32	22	55	Mostly Cloudy	WSW	11		1009.3		6	20
Can_Tho	9/16/2025	13:00	27	32	32	22	57	Mostly Cloudy	WSW	7		1008.9		6	20
Can_Tho	9/17/2025	13:00	27	31	27	24	84	Heavy Rain Shower	W	4		1008.4		6	4
Can_Tho	9/18/2025	13:00	25	27	25	22	82	Rain	W	11		1008.1		5	9
Can_Tho	9/19/2025	13:00	25	31	31	22	59	Mostly Cloudy	WSW	11		1009.2		6	20
Can_Tho	9/20/2025	13:00	28	32	32	21	53	Mostly Cloudy	WSW	7		1008.5		6	20
Can_Tho	9/21/2025	13:00	28	32	32	21	54	Mostly Cloudy	WSW	11		1007.5		6	20
Can_Tho	9/22/2025	13:00	28	32	32	21	53	Mostly Cloudy	WNW	7		1008.4		6	20
Can_Tho	9/23/2025	13:00	28	32	32	22	53	Mostly Cloudy	WSW	11		1008.2		6	20
Can_Tho	9/24/2025	13:00	28	32	32	23	59	Mostly Cloudy	WSW	11		1007.1		6	20
Can_Tho	9/25/2025	13:00	27	30	29	22	63	Mostly Cloudy	WSW	11		1008.5		6	20
Can_Tho	9/26/2025	13:00	25	30	30	21	59	Mostly Cloudy	WSW	11		1009		6	20
Can_Tho	9/27/2025	13:00	26	29	28	24	76	Mostly Cloudy	WNW	4		1008.2		6	20
Can_Tho	9/28/2025	13:00	26	29	26	23	83	Heavy Rain Shower	NNW	7		1007.4		5	2
Can_Tho	9/29/2025	13:00	26	29	29	23	73	Mostly Cloudy	SW	11		1008.1		6	20
Can_Tho	9/30/2025	13:00	27	31	29	21	60	Mostly Cloudy	SW	4		1009		6	20
Can_Tho	10/1/2025	13:00	27	31	31	21	52	Mostly Cloudy	NW	7		1008.8		6	20
Can_Tho	10/2/2025	13:00	27	31	31	20	51	Mostly Cloudy	ENE	4		1009		6	20
Can_Tho	10/3/2025	13:00	27	32	32	22	55	Mostly Cloudy	ESE	7		1008.3		6	20
Can_Tho	10/4/2025	13:00	28	32	32	22	58	Mostly Cloudy	WSW	11		1010.1		6	20
Can_Tho	10/5/2025	13:00	28	32	31	21	52	Mostly Cloudy	WSW	4		1010.4		6	20
Can_Tho	10/6/2025	13:00	28	32	32	21	52	Mostly Cloudy	W	7		1010.8		6	20
Can_Tho	10/7/2025	13:00	26	32	31	23	63	Mostly Cloudy	WSW	14		1011		6	20
Can_Tho	10/8/2025	10:00	26	30	30	23	64	Mostly Cloudy	WSW	4		1012.1		5	20
Can_Tho	10/9/2025	13:00	26	31	31	24	67	Mostly Cloudy	WSW	11		1009.3		6	20
Can_Tho	10/10/2025	13:00	27	30	30	23	65	Mostly Cloudy	SW	4		1008		6	20
Can_Tho	10/11/2025	13:00	27	29	27	23	79	Heavy Rain Shower	SSE	4		1008.5		5	4
Can_Tho	10/12/2025	13:00	27	32	32	22	56	Mostly Cloudy	WSW	7		1008.2		6	20
Can_Tho	10/13/2025	13:00	27	31	31	22	57	Mostly Cloudy	SW	7		1007.1		6	20
Can_Tho	10/14/2025	13:00	27	31	31	22	56	Thunder	S	7		1006		6	20
Can_Tho	10/15/2025	13:00	27	32	32	22	55	Mostly Cloudy	ENE	7		1003.3		6	20
Can_Tho	10/16/2025	13:00	27	31	29	22	67	Mostly Cloudy	NE	7		1004		6	20
Can_Tho	10/17/2025	13:00	28	31	31	22	61	Mostly Cloudy	NNE	4		1006.4		6	20
Can_Tho	10/18/2025	13:00	26	29	27	24	83	Light Rain Shower	ENE	4		1008		6	9
Can_Tho	10/19/2025	13:00	26	32	32	23	60	Mostly Cloudy	ENE	7		1005.4		6	20
Can_Tho	10/20/2025	13:00	26	31	31	23	60	Mostly Cloudy	W	7		1005.9		6	20
Can_Tho	10/21/2025	13:00	26	31	31	23	63	Mostly Cloudy	NNW	7		1006.2		6	20
Can_Tho	10/22/2025	13:00	27	31	30	23	68	Mostly Cloudy	N	4		1007.3		6	20
Can_Tho	10/23/2025	13:00	26	29	28	23	71	Mostly Cloudy	NE	4		1007		6	20
Can_Tho	10/24/2025	13:00	27	29	27	24	83	Mostly Cloudy	ENE	11		1006.2		6	20
Can_Tho	10/25/2025	13:00	26	29	27	22	74	Cloudy	SW	14		1008.2		5	20
Can_Tho	10/26/2025	13:00	26	28	28	26	83	Thunder	WNW	4		1008.2		5	2
Can_Tho	10/27/2025	13:00	26	30	30	22	62	Mostly Cloudy	NNW	4		1009.1		5	20
Can_Tho	10/28/2025	13:00	26	29	29	23	69	Cloudy	NNE	4		1008.2		4	20
Can_Tho	10/29/2025	13:00	27	28	27	24	83	Cloudy	SSW	4		1006.1		4	20
Can_Tho	10/30/2025	13:00	27	31	31	22	60	Mostly Cloudy	W	7		1009		5	20
Can_Tho	10/31/2025	13:00	28	31	31	22	58	Mostly Cloudy	S	7		1009.1		5	20
Can_Tho	11/1/2025	13:00	27	32	32	22	57	Mostly Cloudy	S	7		1008.5		5	20
Can_Tho	11/2/2025	13:00	26	29	29	22	62	Mostly Cloudy	WNW	4		1010.2		5	20
Can_Tho	11/3/2025	13:00	26	29	29	22	67	Mostly Cloudy	WNW	7		1009		5	20
Can_Tho	11/4/2025	13:00	27	29	27	23	82	Mostly Cloudy	W	4		1009.3		5	20
Can_Tho	11/5/2025	13:00	28	30	30	23	66	Mostly Cloudy	WSW	11		1007		5	20
Can_Tho	11/6/2025	13:00	28	29	29	25	82	Mostly Cloudy	NNE	11		1006.3		5	9
Can_Tho	11/7/2025	13:00	28	29	29	24	72	Mostly Cloudy	WSW	7		1007.1		5	20
Can_Tho	11/8/2025	13:00	27	32	32	22	56	Mostly Cloudy	SW	11		1009.1		5	20
Can_Tho	11/9/2025	13:00	28	32	32	22	57	Mostly Cloudy	WSW	4		1008.8		5	20
Can_Tho	11/10/2025	13:00	28	31	31	22	57	Mostly Cloudy	SE	7		1007		5	20
Can_Tho	11/11/2025	13:00	27	31	31	22	58	Mostly Cloudy	CALM	0		1008.1		5	20
Can_Tho	11/12/2025	13:00	27	32	32	22	57	Mostly Cloudy	WSW	4		1008.2		5	20
Can_Tho	11/13/2025	13:00	26	32	32	24	64	Thunder	SSE	4		1009.5		5	20
Can_Tho	11/14/2025	13:00	27	30	30	22	65	Mostly Cloudy	ENE	11		1008.8		5	20
Can_Tho	11/15/2025	13:00	27	31	30	17	45	Mostly Cloudy	ENE	7		1010.3		5	20
Can_Tho	11/16/2025	13:00	26	29	29	22	63	Mostly Cloudy	E	11		1011		5	20
Can_Tho	11/17/2025	13:00	27	27	27	24	85	Rain	E	11		1010.2		4	9
Can_Tho	11/18/2025	13:00	27	30	29	24	72	Mostly Cloudy	SE	4		1009		5	20
Can_Tho	11/19/2025	13:00	27	29	29	21	60	Mostly Cloudy	E	11		1009.8		5	20
Can_Tho	11/20/2025	13:00	27	28	28	21	66	Mostly Cloudy	NE	7		1010.3		5	20
Can_Tho	11/21/2025	13:00	26	28	28	22	66	Mostly Cloudy	ESE	14		1011.2		5	20
Can_Tho	11/22/2025	13:00	25	28	28	19	61	Mostly Cloudy	E	7		1010.6		5	20
Can_Tho	11/23/2025	13:00	27	28	28	23	71	Mostly Cloudy	ESE	7		1009.5		5	20
Can_Tho	11/24/2025	13:00	27	31	31	20	53	Mostly Cloudy	ESE	18		1007.9		5	20
Can_Tho	11/25/2025	13:00	27	31	31	22	57	Mostly Cloudy	E	11		1007.4		5	20
Can_Tho	11/26/2025	13:00	26	29	29	19	57	Mostly Cloudy	SE	11		1008.1		5	20
Can_Tho	11/27/2025	13:00	26	29	29	19	55	Mostly Cloudy	E	7		1008.4		5	20
Can_Tho	11/28/2025	13:00	25	28	27	16	47	Mostly Cloudy	ENE	14		1009.3		5	20
Can_Tho	11/29/2025	13:00	24	29	28	16	48	Mostly Cloudy	NE	7		1009		5	20
Can_Tho	11/30/2025	13:00	26	31	30	19	52	Mostly Cloudy	ENE	7		1009.4		5	20
Can_Tho	12/1/2025	13:00	27	30	30	21	58	Mostly Cloudy	NNW	4		1009.3		5	20
Can_Tho	12/2/2025	13:00	27	31	31	21	55	Mostly Cloudy	WSW	4		1009.3		5	20
Can_Tho	12/3/2025	13:00	27	30	30	22	62	Mostly Cloudy	WNW	4		1010.3		5	20
Can_Tho	12/4/2025	13:00	26	29	29	22	65	Mostly Cloudy	ESE	7		1009.2		5	20
Can_Tho	12/5/2025	13:00	28	31	31	20	51	Mostly Cloudy	ESE	18		1011.8		5	20
Can_Tho	12/6/2025	13:00	27	31	31	21	57	Mostly Cloudy	E	7		1011.5		5	20
Can_Tho	12/7/2025	13:00	26	31	30	19	53	Mostly Cloudy	E	7		1011.8		5	20
Can_Tho	12/8/2025	13:00	26	29	29	17	48	Mostly Cloudy	ENE	7		1012		5	20
Can_Tho	12/9/2025	13:00	26	28	28	20	63	Mostly Cloudy	E	7		1011.6		5	20
Can_Tho	12/10/2025	13:00	26	31	31	22	57	Mostly Cloudy	E	11		1009.1		5	20
Can_Tho	12/11/2025	13:00	24	28	26	23	83	Light Rain	ESE	4		1010.3		4	9
Can_Tho	12/12/2025	13:00	27	30	30	21	58	Mostly Cloudy	ESE	7		1009.4		4	20
Can_Tho	12/13/2025	13:00	26	31	31	21	57	Mostly Cloudy	ESE	7		1010.2		4	20
Can_Tho	12/14/2025	13:00	27	31	30	21	58	Mostly Cloudy	ESE	11		1009.8		4	20
Can_Tho	12/15/2025	13:00	27	31	30	21	59	Mostly Cloudy	ESE	11		1010.2		4	20
Can_Tho	12/16/2025	13:00	27	31	31	23	63	Mostly Cloudy	E	4		1009.4		4	20
Can_Tho	12/17/2025	13:00	27	30	30	22	60	Mostly Cloudy	E	7		1009.9		5	20
Can_Tho	12/18/2025	13:00	27	31	30	21	58	Mostly Cloudy	ENE	7		1009.9		5	20
Can_Tho	12/19/2025	13:00	26	31	31	21	56	Mostly Cloudy	S	4		1008.9		5	20
Can_Tho	12/20/2025	13:00	28	31	31	21	58	Mostly Cloudy	NE	7		1007.9		5	20
Can_Tho	12/21/2025	13:00	27	32	32	21	51	Mostly Cloudy	CALM	0		1009		5	20
Can_Tho	12/22/2025	13:00	27	31	30	21	57	Mostly Cloudy	E	4		1008.1		5	20
Can_Tho	12/23/2025	13:00	26	30	30	22	61	Mostly Cloudy	NE	7		1008		5	20
Can_Tho	12/24/2025	13:00	26	29	29	22	66	Mostly Cloudy	WSW	4		1006.8		5	20
Can_Tho	12/25/2025	13:00	26	29	29	22	64	Mostly Cloudy	E	7		1008.1		5	20
Can_Tho	12/26/2025	13:00	26	30	30	19	54	Mostly Cloudy	E	14		1009.2		5	20
Can_Tho	12/27/2025	13:00	26	29	29	21	60	Mostly Cloudy	E	4		1010.7		5	20
Can_Tho	12/28/2025	13:00	26	29	29	19	55	Mostly Cloudy	ESE	7		1010.2		5	20
Can_Tho	12/29/2025	13:00	26	29	29	19	56	Mostly Cloudy	SE	4		1010.3		5	20
Can_Tho	12/30/2025	13:00	26	29	29	20	58	Mostly Cloudy	W	4		1009.8		5	20
Can_Tho	12/31/2025	13:00	25	29	29	16	46	Mostly Cloudy	E	4		1008.3		5	20
Can_Tho	1/1/2026	13:00	26	29	28	18	52	Mostly Cloudy	E	7		1010.5		5	20
Can_Tho	1/2/2026	13:00	25	28	28	19	58	Mostly Cloudy	SW	4		1012.1		5	20
Can_Tho	1/3/2026	13:00	25	29	29	18	54	Mostly Cloudy	ENE	25		1012.1		5	20
Can_Tho	1/4/2026	13:00	23	29	29	18	52	Mostly Cloudy	ENE	4		1011.9		5	20
Can_Tho	1/5/2026	13:00	26	29	29	18	54	Mostly Cloudy	NNE	7		1012.3		5	20
Can_Tho	1/6/2026	13:00	26	28	27	21	65	Mostly Cloudy	ENE	4		1011.7		5	20
Can_Tho	1/7/2026	13:00	25	27	26	20	69	Mostly Cloudy	ESE	7		1013.7		5	20
Can_Tho	1/8/2026	13:00	24	26	24	18	67	Cloudy	E	11		1014.5		4	20
Can_Tho	1/9/2026	13:00	24	27	27	14	44	Mostly Cloudy	ESE	11		1013.3		5	20
Can_Tho	1/10/2026	13:00	22	28	28	16	48	Mostly Cloudy	SE	4		1014.2		5	20
Can_Tho	1/11/2026	13:00	23	28	27	15	48	Mostly Cloudy	ENE	4		1015.2		5	20
Can_Tho	1/12/2026	13:00	24	28	28	18	55	Mostly Cloudy	NE	7		1014		5	20
Can_Tho	1/13/2026	13:00	24	26	26	19	66	Mostly Cloudy	ESE	4		1013.2		5	20
Can_Tho	1/14/2026	13:00	25	28	28	19	60	Mostly Cloudy	SW	4		1012.7		5	20
Can_Tho	1/15/2026	13:00	24	29	29	20	57	Mostly Cloudy	SW	7		1011.7		5	20
Can_Tho	1/16/2026	13:00	24	28	28	19	59	Mostly Cloudy	SSE	7		1011.4		5	20
Can_Tho	1/17/2026	13:00	25	29	28	19	59	Mostly Cloudy	SW	7		1008.8		5	20
Can_Tho	1/18/2026	13:00	25	29	29	18	51	Mostly Cloudy	SSW	4		1008.3		5	20
Can_Tho	1/19/2026	13:00	25	29	29	18	51	Mostly Cloudy	SW	7		1009.8		5	20
Can_Tho	1/20/2026	13:00	24	28	28	19	59	Mostly Cloudy	ESE	7		1011.3		5	20
Can_Tho	1/21/2026	13:00	24	28	28	19	57	Mostly Cloudy	ESE	7		1012.3		5	20
Can_Tho	1/22/2026	13:00	24	28	28	18	56	Mostly Cloudy	E	7		1013		5	20
Can_Tho	1/23/2026	13:00	24	29	28	19	57	Mostly Cloudy	E	7		1014.3		5	20
Can_Tho	1/24/2026	13:00	24	29	29	18	51	Mostly Cloudy	ESE	11		1014.4		5	20
Can_Tho	1/25/2026	13:00	25	29	28	19	57	Mostly Cloudy	SW	4		1013.4		5	20
Can_Tho	1/26/2026	13:00	23	28	28	18	55	Mostly Cloudy	WSW	4		1013.6		5	20
Can_Tho	1/27/2026	13:00	24	29	29	16	47	Mostly Cloudy	SE	4		1014.2		6	20
Can_Tho	1/28/2026	13:00	24	28	28	21	66	Mostly Cloudy	SSW	7		1014.3		6	20
Can_Tho	1/29/2026	13:00	24	28	28	18	54	Mostly Cloudy	SW	4		1013.7		6	20
Can_Tho	1/30/2026	13:00	24	29	28	19	57	Mostly Cloudy	ESE	7		1014.4		6	20
Can_Tho	1/31/2026	13:00	24	29	29	19	56	Mostly Cloudy	WSW	4		1014.4		6	20
Can_Tho	2/1/2026	13:00	24	29	29	19	57	Mostly Cloudy	E	11		1014.2		5	20
Can_Tho	2/2/2026	13:00	25	29	29	17	50	Mostly Cloudy	ESE	7		1013.9		5	20
Can_Tho	2/3/2026	13:00	25	29	29	19	54	Mostly Cloudy	E	7		1014.4		6	20
Can_Tho	2/4/2026	13:00	25	30	30	20	55	Mostly Cloudy	E	11		1013.4		6	20
Can_Tho	2/5/2026	13:00	26	31	31	21	57	Mostly Cloudy	SW	4		1013.2		6	20
Can_Tho	2/6/2026	13:00	26	28	28	19	59	Mostly Cloudy	WSW	7		1012.3		6	20
Can_Tho	2/7/2026	13:00	26	29	28	20	60	Mostly Cloudy	ESE	4		1012.1		6	20
Can_Tho	2/8/2026	13:00	25	28	27	18	58	Mostly Cloudy	NE	4		1012.8		6	20
Can_Tho	2/9/2026	13:00	24	29	29	18	53	Mostly Cloudy	E	11		1011.1		6	20
Can_Tho	2/10/2026	13:00	25	30	30	18	50	Mostly Cloudy	ENE	7		1011.3		6	20
Can_Tho	2/11/2026	13:00	25	30	29	20	57	Mostly Cloudy	ESE	11		1013.2		6	20
Can_Tho	2/12/2026	13:00	26	30	30	19	52	Mostly Cloudy	ESE	14		1012.2		6	20
Can_Tho	2/13/2026	13:00	26	30	30	19	51	Mostly Cloudy	ENE	7		1009.7		6	20
Can_Tho	2/14/2026	13:00	26	29	29	19	53	Mostly Cloudy	SW	4		1010.9		6	20
Can_Tho	2/15/2026	13:00	26	31	31	23	64	Cloudy	ESE	7		1009.7		5	20
Can_Tho	2/16/2026	13:00	26	31	31	20	51	Mostly Cloudy	E	7		1009		6	20
Can_Tho	2/17/2026	13:00	26	31	31	19	51	Mostly Cloudy	N	7		1009.4		6	20
Can_Tho	2/18/2026	13:00	26	32	32	19	49	Mostly Cloudy	ESE	11		1011.5		6	20
Can_Tho	2/19/2026	13:00	26	32	32	20	51	Mostly Cloudy	ESE	14		1013.4		6	20
Can_Tho	3/3/2026	13:00	27	32	32	24	63	Mostly Cloudy	WSW	4		1010.3		6	20
Can_Tho	3/4/2026	13:00	28	32	32	23	57	Mostly Cloudy	ESE	11		1010.1		6	20
Can_Tho	3/5/2026	13:00	27	31	31	22	59	Mostly Cloudy	SE	7		1010.2		6	20
Can_Tho	3/8/2026	13:00	27	31	31	21	57	Mostly Cloudy	ESE	7		1011.1		7	20
Can_Tho	3/9/2026	13:00	27	31	31	22	61	Mostly Cloudy	ESE	7		1012.2		7	20
Can_Tho	3/10/2026	10:00	27	30	30	23	67	Mostly Cloudy	E	4		1014.9		4	20
Can_Tho	3/11/2026	13:00	27	31	31	21	55	Mostly Cloudy	ESE	11		1011.5		7	20
Can_Tho	3/12/2026	13:00	27	31	31	22	57	Mostly Cloudy	E	7		1010.3		7	20
Can_Tho	3/13/2026	10:00	27	29	29	22	65	Mostly Cloudy	ESE	7		1013.1		4	20
Can_Tho	3/14/2026	13:00	26	31	31	22	58	Mostly Cloudy	ESE	11		1011.9		7	20
Can_Tho	3/15/2026	10:00	27	31	29	22	67	Mostly Cloudy	ESE	11		1014.7		5	20
Can_Tho	3/16/2026	10:00	26	30	29	22	65	Mostly Cloudy	ESE	11		1013.4		5	20
Can_Tho	3/19/2026	13:00	26	29	29	22	63	Mostly Cloudy	SW	4		1012		7	20
Can_Tho	3/20/2026	13:00	26	28	28	21	64	Mostly Cloudy	SW	7		1011.1		7	20
Can_Tho	3/21/2026	10:00	26	30	30	22	62	Mostly Cloudy	WSW	7		1012.5		5	20
Can_Tho	3/22/2026	13:00	26	29	29	20	58	Mostly Cloudy	ENE	7		1012		7	20
Can_Tho	3/23/2026	13:00	26	30	30	21	59	Mostly Cloudy	WSW	4		1011		7	20
Can_Tho	3/25/2026	10:00	26	29	29	22	67	Mostly Cloudy	SSE	7		1012.5		5	20
Can_Tho	3/27/2026	10:00	26	31	29	22	65	Mostly Cloudy	SW	4		1012.4		5	20
Can_Tho	3/30/2026	10:00	27	29	29	22	67	Mostly Cloudy	SSW	7		1012.2		5	20
Can_Tho	4/3/2026	13:00	27	31	31	20	51	Mostly Cloudy	SSW	7		1009.2		7	20
Can_Tho	4/4/2026	13:00	27	33	33	19	45	Mostly Cloudy	WNW	4		1008.4		7	20
Can_Tho	4/6/2026	13:00	27	34	33	11	26	Mostly Cloudy	W	4		1009.2		7	20
Can_Tho	4/7/2026	13:00	27	35	34	20	43	Mostly Cloudy	NE	4		1009.2		7	20
Can_Tho	4/11/2026	13:00	28	34	34	22	48	Mostly Cloudy	W	11		1009.1		7	20
Can_Tho	4/12/2026	13:00	28	34	34	22	50	Mostly Cloudy	SSW	14		1008.3		7	20
Can_Tho	4/13/2026	13:00	28	33	33	22	54	Mostly Cloudy	SSE	4		1009.5		6	20
Can_Tho	4/14/2026	13:00	29	33	33	23	53	Mostly Cloudy	SW	4		1009.2		6	20
Can_Tho	4/15/2026	10:00	28	32	32	23	61	Mostly Cloudy	WSW	7		1010.3		5	20
Can_Tho	4/16/2026	13:00	28	33	33	22	54	Mostly Cloudy	WSW	4		1009.1		6	20
Can_Tho	4/17/2026	10:00	28	34	31	23	62	Mostly Cloudy	SW	11		1011.2		5	20
Can_Tho	4/19/2026	13:00	29	33	33	23	54	Mostly Cloudy	SW	7		1009.1		6	20
Can_Tho	4/20/2026	10:00	29	32	31	22	59	Mostly Cloudy	W	4		1011.2		5	20
Can_Tho	4/22/2026	13:00	27	32	32	18	45	Mostly Cloudy	ESE	7		1008.5		6	20
Can_Tho	4/23/2026	13:00	27	33	33	21	48	Mostly Cloudy	SW	14		1007.8		6	20
Can_Tho	4/24/2026	13:00	29	33	33	22	54	Mostly Cloudy	W	4		1008.2		6	20
Can_Tho	4/25/2026	13:00	27	33	33	23	57	Mostly Cloudy	W	7		1010.2		6	20
Can_Tho	4/27/2026	10:00	28	33	31	24	68	Mostly Cloudy	SSW	7		1011.1		5	20
Can_Tho	4/28/2026	13:00	28	33	33	23	56	Mostly Cloudy	SW	7		1009.2		6	20
Can_Tho	4/29/2026	10:00	28	32	32	23	60	Mostly Cloudy	SSW	4		1012.2		5	20
Can_Tho	5/1/2026	10:00	28	31	31	24	67	Mostly Cloudy	E	4		1011.9		5	20
Can_Tho	5/2/2026	13:00	29	33	33	23	56	Mostly Cloudy	SE	4		1009		6	20
Can_Tho	5/3/2026	13:00	28	29	28	22	71	Thunder	E	7		1009.3		6	20
Can_Tho	5/5/2026	10:00	28	32	32	23	61	Mostly Cloudy	WNW	4		1010.4		5	20
Can_Tho	5/6/2026	13:00	27	30	30	24	72	Mostly Cloudy	NNE	4		1009.2		6	20
Can_Tho	5/8/2026	13:00	28	32	32	24	63	Mostly Cloudy	E	11		1008.3		6	20
Can_Tho	5/9/2026	13:00	29	33	33	23	55	Mostly Cloudy	ENE	4		1009.1		6	20
Can_Tho	5/10/2026	10:00	29	32	32	26	68	Mostly Cloudy	ESE	14		1009.9		5	20
Can_Tho	5/11/2026	13:00	26	31	31	25	70	Mostly Cloudy	ENE	7		1008.2		6	20
Can_Tho	5/12/2026	13:00	29	33	33	24	59	Mostly Cloudy	WNW	4		1008		6	20
Can_Tho	5/13/2026	13:00	29	34	34	24	57	Mostly Cloudy	SW	7		1007.1		6	20
Can_Tho	5/14/2026	13:00	28	32	30	24	73	Mostly Cloudy	WNW	4		1007.2		6	20
Can_Tho	5/15/2026	10:00	28	32	32	24	64	Mostly Cloudy	NW	4		1008.7		5	20
Can_Tho	5/16/2026	10:00	29	33	33	24	61	Mostly Cloudy	NW	4		1008.9		5	20
Can_Tho	5/17/2026	13:00	29	33	33	24	62	Mostly Cloudy	SW	7		1006.4		6	20
Can_Tho	5/18/2026	10:00	27	33	31	23	62	Mostly Cloudy	WNW	7		1008.3		5	20
Can_Tho	5/19/2026	13:00	27	33	33	24	59	Mostly Cloudy	NW	11		1007.1		6	20
Can_Tho	5/20/2026	13:00	28	32	32	24	62	Mostly Cloudy	WSW	14		1005.7		6	20
Can_Tho	5/21/2026	13:00	26	29	29	23	73	Mostly Cloudy	SSW	7		1009.1		6	20
Can_Tho	5/22/2026	13:00	28	34	34	23	55	Mostly Cloudy	SSW	7		1009.3		6	20
Can_Tho	5/23/2026	10:00	28	32	32	24	62	Mostly Cloudy	CALM	0		1012.1		4	20
Can_Tho	5/24/2026	13:00	27	33	33	24	57	Mostly Cloudy	WNW	7		1010.1		6	20
Can_Tho	5/25/2026	13:00	28	33	29	26	82	Thunder	NW	4		1010.1		6	20
Can_Tho	5/26/2026	13:00	28	31	28	27	90	Thunder	NNW	4		1009		6	9
Can_Tho	5/27/2026	10:00	28	32	31	26	75	Mostly Cloudy	WNW	11		1011		4	20
Can_Tho	5/28/2026	13:00	29	33	33	26	67	Mostly Cloudy	NNW	7		1008.6		6	20
Can_Tho	5/29/2026	13:00	24	32	32	26	72	Mostly Cloudy	NNW	7		1009.1		6	20
Can_Tho	5/30/2026	13:00	26	30	28	27	97	Rain Shower	WSW	7		1008.2		5	9
Can_Tho	5/31/2026	13:00	26	28	26	25	96	Thunder	WNW	7		1010		5	4
Can_Tho	6/2/2026	13:00	26	28	27	26	91	Mostly Cloudy	WNW	7		1008		6	20
Can_Tho	6/3/2026	13:00	26	32	32	27	72	Mostly Cloudy	W	11		1006.4		6	20
Can_Tho	6/4/2026	10:00	27	32	31	27	79	Mostly Cloudy	W	11		1009		4	20
Ho_Chi_Minh	7/1/2025	12:00	25	33	31	25	70	Partly Cloudy	W	15		1005.81		10	9
Ho_Chi_Minh	7/2/2025	12:00	25	33	32	23	59	Fair	NNW	15		1005.81		12	9
Ho_Chi_Minh	7/3/2025	12:00	25	33	31	24	66	Mostly Cloudy	WNW	15		1006.8		7	9
Ho_Chi_Minh	7/4/2025	12:00	25	33	32	24	62	Partly Cloudy	W	20		1006.8		10	9
Ho_Chi_Minh	7/5/2025	12:00	26	34	32	25	66	Partly Cloudy	W	19		1004.81		10	9
Ho_Chi_Minh	7/6/2025	12:00	27	34	33	24	59	Partly Cloudy	WNW	22		1005.81		10	9
Ho_Chi_Minh	7/7/2025	12:00	26	33	33	25	63	Partly Cloudy	W	20		1006.8		10	9
Ho_Chi_Minh	7/8/2025	12:00	26	33	31	25	70	Mostly Cloudy	WSW	19		1007.8		8	9
Ho_Chi_Minh	7/9/2025	12:00	25	34	32	25	66	Light Rain Shower	W	26		1006.8		10	9
Ho_Chi_Minh	7/10/2025	12:00	25	35	34	24	56	Partly Cloudy	W	24		1003.81		10	9
Ho_Chi_Minh	7/11/2025	12:00	27	34	33	25	63	Partly Cloudy	W	26		1002.81		10	9
Ho_Chi_Minh	7/12/2025	12:00	27	34	33	25	63	Mostly Cloudy	W	20		1004.81		8	9
Ho_Chi_Minh	7/13/2025	12:00	27	34	33	26	66	Partly Cloudy	WSW	22		1005.81		10	9
Ho_Chi_Minh	7/14/2025	12:00	26	32	30	26	79	Light Rain Shower	WSW	22		1005.81		10	8
Ho_Chi_Minh	7/15/2025	12:00	26	34	32	25	66	Partly Cloudy	WSW	22		1004.81		10	9
Ho_Chi_Minh	7/16/2025	12:00	26	34	29	23	70	Light Rain Shower / Windy	WSW	33		1006.8		10	9
Ho_Chi_Minh	7/17/2025	12:00	25	32	29	27	89	Light Rain Shower	SW	28		1005.81		8	8
Ho_Chi_Minh	7/18/2025	12:00	26	33	31	25	70	Light Rain Shower	W	20		1005.81		8	9
Ho_Chi_Minh	7/19/2025	12:00	25	32	26	24	89	Mostly Cloudy	W	20		1003.81		8	9
Ho_Chi_Minh	7/20/2025	12:00	24	31	24	24	100	Light Rain with Thunder	W	26		1004.81		8	9
Ho_Chi_Minh	7/21/2025	12:00	24	32	32	26	70	Light Rain	W	26		1003.81		8	9
Ho_Chi_Minh	7/22/2025	12:00	24	34	31	26	75	Light Rain Shower / Windy	WSW	35		1003.81		10	9
Ho_Chi_Minh	7/23/2025	12:00	27	34	33	25	63	Mostly Cloudy	W	30		1002.81		8	9
Ho_Chi_Minh	7/24/2025	12:00	27	34	32	24	62	Fair	W	26		1004.81		12	9
Ho_Chi_Minh	7/25/2025	12:00	26	35	33	24	59	Mostly Cloudy	W	20		1004.81		8	9
Ho_Chi_Minh	7/26/2025	12:00	27	34	33	26	66	Partly Cloudy	W	22		1005.81		10	9
Ho_Chi_Minh	7/27/2025	12:00	26	32	32	25	66	Light Rain Shower	WSW	30		1005.81		8	9
Ho_Chi_Minh	7/28/2025	12:00	26	31	30	25	74	Mostly Cloudy / Windy	WSW	35		1005.81		8	9
Ho_Chi_Minh	7/29/2025	12:00	27	34	32	26	70	Mostly Cloudy	SW	28		1004.81		8	9
Ho_Chi_Minh	7/30/2025	12:00	28	35	32	26	70	Partly Cloudy	WSW	30		1005.81		10	9
Ho_Chi_Minh	7/31/2025	12:00	27	33	30	24	70	Partly Cloudy	W	30		1005.81		10	9
Ho_Chi_Minh	8/1/2025	12:00	27	35	34	26	63	Partly Cloudy	W	17		1004.81		10	9
Ho_Chi_Minh	8/2/2025	12:00	28	35	34	25	59	Mostly Cloudy	WSW	24		1005.81		8	9
Ho_Chi_Minh	8/3/2025	12:00	28	36	35	25	56	Partly Cloudy	WSW	17		1007.8		10	9
Ho_Chi_Minh	8/4/2025	12:00	27	37	34	24	56	Mostly Cloudy	SW	11		1006.8		8	9
Ho_Chi_Minh	8/5/2025	12:00	26	35	35	25	56	Partly Cloudy	W	20		1006.8		10	9
Ho_Chi_Minh	8/6/2025	12:00	25	35	33	25	63	Mostly Cloudy	WSW	17		1006.8		8	9
Ho_Chi_Minh	8/7/2025	12:00	26	35	34	23	52	Partly Cloudy	SW	13		1008.8		11	9
Ho_Chi_Minh	8/8/2025	12:00	26	34	34	24	56	Mostly Cloudy	NW	13		1008.8		8	9
Ho_Chi_Minh	8/9/2025	12:00	26	35	35	25	56	Mostly Cloudy	WNW	15		1007.8		8	9
Ho_Chi_Minh	8/10/2025	12:00	25	35	34	23	52	Fair	NW	13		1006.8		13	9
Ho_Chi_Minh	8/11/2025	12:00	25	33	32	24	62	Partly Cloudy	W	13		1005.81		11	9
Ho_Chi_Minh	8/12/2025	12:00	25	33	32	26	70	Mostly Cloudy	WSW	17		1005.81		8	9
Ho_Chi_Minh	8/13/2025	12:00	26	32	31	24	66	Mostly Cloudy	W	20		1006.8		8	9
Ho_Chi_Minh	8/14/2025	12:00	23	32	32	25	66	Mostly Cloudy	WNW	15		1004.81		8	9
Ho_Chi_Minh	8/15/2025	12:00	25	31	28	25	84	Light Rain Shower	WSW	19		1003.81		11	9
Ho_Chi_Minh	8/16/2025	12:00	25	30	30	24	70	Light Rain Shower	W	28		1003.81		8	9
Ho_Chi_Minh	8/17/2025	12:00	23	32	31	23	62	Mostly Cloudy	WNW	20		1005.81		8	9
Ho_Chi_Minh	8/18/2025	12:00	23	33	31	24	66	Partly Cloudy	W	17		1008.8		11	9
Ho_Chi_Minh	8/19/2025	12:00	25	35	33	23	55	Fair	W	15		1008.8		13	9
Ho_Chi_Minh	8/20/2025	12:00	25	34	32	24	62	Partly Cloudy	WSW	7		1007.8		11	9
Ho_Chi_Minh	8/21/2025	12:00	23	30	27	25	89	Partly Cloudy	SSE	11		1009.8		11	9
Ho_Chi_Minh	8/22/2025	12:00	24	33	32	22	55	Mostly Cloudy	WSW	15		1008.8		8	9
Ho_Chi_Minh	8/23/2025	12:00	25	32	32	24	62	Partly Cloudy	WSW	24		1007.8		11	9
Ho_Chi_Minh	8/24/2025	12:00	25	33	32	23	59	Mostly Cloudy	WSW	24		1005.81		8	9
Ho_Chi_Minh	8/25/2025	12:00	25	30	30	24	70	Mostly Cloudy	SW	26		1005.81		8	9
Ho_Chi_Minh	8/26/2025	12:00	23	32	27	24	84	Fair	WSW	9		1008.8		15	9
Ho_Chi_Minh	8/27/2025	12:00	26	33	32	24	62	Partly Cloudy	W	19		1007.8		11	9
Ho_Chi_Minh	8/28/2025	12:00	24	33	32	25	66	Mostly Cloudy	WNW	17		1006.8		8	9
Ho_Chi_Minh	8/29/2025	12:00	24	32	31	25	70	Mostly Cloudy	W	22		1005.81		8	9
Ho_Chi_Minh	8/30/2025	12:00	25	30	29	26	84	Light Rain	W	17		1005.81		8	9
Ho_Chi_Minh	8/31/2025	12:00	24	33	32	25	66	Mostly Cloudy	WSW	19		1004.81		8	9
Ho_Chi_Minh	9/1/2025	12:00	25	32	32	26	70	Partly Cloudy	W	19		1004.81		11	9
Ho_Chi_Minh	9/2/2025	12:00	25	32	30	26	79	Mostly Cloudy	WNW	13		1006.8		8	9
Ho_Chi_Minh	9/3/2025	12:00	25	32	31	25	70	Partly Cloudy	WNW	11		1006.8		11	9
Ho_Chi_Minh	9/4/2025	12:00	25	34	30	26	79	Light Rain Shower	WSW	9		1005.81		8	9
Ho_Chi_Minh	9/5/2025	12:00	26	34	33	24	59	Partly Cloudy	WSW	19		1005.81		11	9
Ho_Chi_Minh	9/6/2025	12:00	25	33	31	26	75	Partly Cloudy	WSW	19		1006.8		11	9
Ho_Chi_Minh	9/7/2025	12:00	25	31	31	26	75	Light Rain Shower	W	17		1006.8		11	9
Ho_Chi_Minh	9/8/2025	12:00	24	31	26	25	94	Rain Shower	W	17		1008.8		11	5
Ho_Chi_Minh	9/9/2025	12:00	24	32	32	24	62	Partly Cloudy	SW	11		1008.8		11	9
Ho_Chi_Minh	9/10/2025	12:00	25	33	32	25	66	Partly Cloudy	W	9		1008.8		11	9
Ho_Chi_Minh	9/11/2025	12:00	24	35	33	24	59	Partly Cloudy	NE	7		1006.8		11	9
Ho_Chi_Minh	9/12/2025	12:00	24	33	31	24	66	Fair	E	7		1007.8		15	9
Ho_Chi_Minh	9/13/2025	12:00	25	31	31	25	70	Showers in the Vicinity	ESE	7		1007.8		8	9
Ho_Chi_Minh	9/14/2025	12:00	25	32	31	24	66	Partly Cloudy	W	11		1008.8		11	9
Ho_Chi_Minh	9/15/2025	12:00	25	33	32	24	62	Partly Cloudy	W	13		1008.8		11	9
Ho_Chi_Minh	9/16/2025	12:00	24	32	32	25	66	Partly Cloudy	WNW	20		1007.8		10	9
Ho_Chi_Minh	9/17/2025	12:00	25	32	31	25	70	Fair	W	15		1005.81		13	9
Ho_Chi_Minh	9/18/2025	12:00	24	33	32	25	66	Partly Cloudy	WNW	13		1005.81		10	9
Ho_Chi_Minh	9/19/2025	12:00	25	32	31	25	70	Mostly Cloudy	W	22		1007.8		8	9
Ho_Chi_Minh	9/20/2025	12:00	25	34	33	25	63	Mostly Cloudy	W	20		1006.8		8	9
Ho_Chi_Minh	9/21/2025	12:00	25	33	32	25	66	Mostly Cloudy	W	20		1006.8		8	9
Ho_Chi_Minh	9/22/2025	12:00	25	28	25	25	100	Light Rain	W	9		1007.8		8	8
Ho_Chi_Minh	9/23/2025	12:00	24	32	31	25	70	Mostly Cloudy	WNW	19		1006.8		8	9
Ho_Chi_Minh	9/24/2025	12:00	26	32	31	25	70	Mostly Cloudy	W	22		1004.81		8	9
Ho_Chi_Minh	9/25/2025	12:00	25	32	32	24	62	Partly Cloudy	W	28		1005.81		10	9
Ho_Chi_Minh	9/26/2025	12:00	25	30	29	25	79	Mostly Cloudy	W	17		1007.8		8	9
Ho_Chi_Minh	9/27/2025	12:00	24	30	30	25	74	Mostly Cloudy	NW	17		1005.81		8	9
Ho_Chi_Minh	9/28/2025	12:00	25	31	31	25	70	Partly Cloudy	SW	17		1004.81		10	9
Ho_Chi_Minh	9/29/2025	12:00	23	31	27	26	94	Light Rain Shower	WSW	17		1006.8		10	8
Ho_Chi_Minh	9/30/2025	12:00	25	32	29	26	84	Light Rain Shower	ESE	17		1008.8		10	9
Ho_Chi_Minh	10/1/2025	12:00	23	33	32	24	62	Mostly Cloudy	NNW	9		1007.8		8	9
Ho_Chi_Minh	10/2/2025	12:00	23	33	33	25	63	Partly Cloudy	VAR	6		1008.8		10	9
Ho_Chi_Minh	10/3/2025	12:00	24	32	30	25	74	Light Rain Shower	WNW	11		1008.8		10	8
Ho_Chi_Minh	10/4/2025	12:00	25	33	33	23	55	Partly Cloudy	WSW	9		1009.8		10	9
Ho_Chi_Minh	10/5/2025	11:00	26	33	32	24	62	Partly Cloudy	WSW	20		1010.8		10	9
Ho_Chi_Minh	10/6/2025	12:00	22	33	33	23	55	Partly Cloudy	W	20		1008.8		10	9
Ho_Chi_Minh	10/7/2025	12:00	25	33	32	24	62	Partly Cloudy	WNW	17		1009.8		10	9
Ho_Chi_Minh	10/8/2025	12:00	25	33	33	25	63	Partly Cloudy	NNW	11		1007.8		10	9
Ho_Chi_Minh	10/9/2025	12:00	25	33	32	24	62	Partly Cloudy	VAR	6		1007.8		10	9
Ho_Chi_Minh	10/10/2025	12:00	24	32	32	24	62	Partly Cloudy	VAR	6		1006.8		10	9
Ho_Chi_Minh	10/11/2025	12:00	25	31	29	25	79	Mostly Cloudy	S	7		1007.8		8	9
Ho_Chi_Minh	10/12/2025	12:00	25	32	28	25	84	Rain Shower	WSW	15		1006.8		8	7
Ho_Chi_Minh	10/13/2025	12:00	25	30	25	25	100	T-Storm	E	7		1007.8		8	9
Ho_Chi_Minh	10/14/2025	12:00	24	32	32	24	62	Partly Cloudy	WSW	6		1007.8		10	9
Ho_Chi_Minh	10/15/2025	12:00	25	34	33	24	59	Mostly Cloudy	ENE	9		1006.8		8	9
Ho_Chi_Minh	10/16/2025	12:00	25	33	33	24	59	Mostly Cloudy	ENE	19		1005.81		8	9
Ho_Chi_Minh	10/17/2025	12:00	25	34	34	23	52	Partly Cloudy	NNW	6		1006.8		10	9
Ho_Chi_Minh	10/18/2025	12:00	24	33	33	25	63	Mostly Cloudy	VAR	9		1005.81		7	9
Ho_Chi_Minh	10/19/2025	12:00	24	34	33	24	59	Partly Cloudy	VAR	7		1004.81		10	9
Ho_Chi_Minh	10/20/2025	12:00	25	34	33	24	59	Mostly Cloudy	VAR	11		1003.81		7	9
Ho_Chi_Minh	10/21/2025	12:00	25	34	33	24	59	Mostly Cloudy	N	15		1004.81		7	9
Ho_Chi_Minh	10/22/2025	12:00	25	32	29	27	89	Heavy Rain Shower	N	13		1005.81		7	8
Ho_Chi_Minh	10/23/2025	12:00	24	32	31	25	70	Mostly Cloudy	SSW	7		1006.8		7	9
Ho_Chi_Minh	10/24/2025	12:00	25	33	33	25	63	Partly Cloudy	NNE	6		1006.8		9	9
Ho_Chi_Minh	10/25/2025	12:00	25	30	30	24	70	Fair	VAR	4		1006.8		11	9
Ho_Chi_Minh	10/26/2025	12:00	23	29	28	25	84	Light Rain	NW	6		1006.8		7	8
Ho_Chi_Minh	10/27/2025	12:00	25	30	29	25	79	Showers in the Vicinity	WNW	9		1006.8		9	9
Ho_Chi_Minh	10/28/2025	12:00	25	29	29	25	79	Light Rain Shower	W	9		1005.81		7	8
Ho_Chi_Minh	10/29/2025	12:00	25	30	29	25	79	Partly Cloudy	E	9		1005.81		9	9
Ho_Chi_Minh	10/30/2025	12:00	26	29	28	26	89	Light Rain	SSW	11		1007.8		7	9
Ho_Chi_Minh	10/31/2025	12:00	25	33	33	26	66	Partly Cloudy	SSE	13		1009.8		9	9
Ho_Chi_Minh	11/1/2025	12:00	24	31	27	25	89	Light Rain	SE	11		1009.8		7	8
Ho_Chi_Minh	11/2/2025	12:00	25	32	31	25	70	Partly Cloudy	W	9		1008.8		9	9
Ho_Chi_Minh	11/3/2025	12:00	25	29	27	26	94	Light Rain	VAR	4		1007.8		7	9
Ho_Chi_Minh	11/4/2025	12:00	24	32	32	24	62	Mostly Cloudy	WNW	7		1006.8		7	9
Ho_Chi_Minh	11/5/2025	12:00	24	31	30	27	84	Partly Cloudy	WNW	17		1005.81		9	9
Ho_Chi_Minh	11/6/2025	12:00	25	28	28	26	89	Mostly Cloudy	W	9		1004.81		7	9
Ho_Chi_Minh	11/7/2025	12:00	26	31	31	26	75	Mostly Cloudy	WNW	7		1005.81		7	9
Ho_Chi_Minh	11/8/2025	12:00	26	33	31	25	70	Mostly Cloudy	VAR	4		1008.8		7	9
Ho_Chi_Minh	11/9/2025	12:00	25	33	32	25	66	Partly Cloudy	S	9		1006.8		8	9
Ho_Chi_Minh	11/10/2025	12:00	25	32	32	26	70	Partly Cloudy	WSW	9		1006.8		8	9
Ho_Chi_Minh	11/11/2025	12:00	26	32	32	26	70	Mostly Cloudy	VAR	4		1007.8		6	9
Ho_Chi_Minh	11/12/2025	12:00	23	31	30	24	70	Partly Cloudy	VAR	4		1008.8		8	9
Ho_Chi_Minh	11/13/2025	12:00	26	32	32	25	66	Mostly Cloudy	VAR	7		1009.8		6	9
Ho_Chi_Minh	11/14/2025	12:00	25	33	32	19	46	Fair	NE	11		1008.8		12	9
Ho_Chi_Minh	11/15/2025	12:00	22	32	32	20	49	Fair	SE	13		1009.8		10	9
Ho_Chi_Minh	11/16/2025	12:00	25	32	32	23	59	Partly Cloudy	VAR	4		1008.8		8	9
Ho_Chi_Minh	11/17/2025	12:00	25	30	30	24	70	Mostly Cloudy	ENE	13		1009.8		6	9
Ho_Chi_Minh	11/18/2025	12:00	24	31	30	26	79	Mostly Cloudy	NW	11		1008.8		6	9
Ho_Chi_Minh	11/19/2025	12:00	24	33	32	23	59	Fair	NE	17		1008.8		10	9
Ho_Chi_Minh	11/20/2025	12:00	24	30	29	22	66	Partly Cloudy	NNE	7		1009.8		8	9
Ho_Chi_Minh	11/21/2025	12:00	24	31	28	23	74	Mostly Cloudy	NE	13		1009.8		6	9
Ho_Chi_Minh	11/22/2025	12:00	25	29	28	22	70	Mostly Cloudy	NNE	9		1009.8		6	9
Ho_Chi_Minh	11/23/2025	12:00	24	32	31	24	66	Partly Cloudy	NNE	7		1008.8		8	9
Ho_Chi_Minh	11/24/2025	12:00	25	34	33	23	55	Fair	VAR	7		1006.8		9	9
Ho_Chi_Minh	11/25/2025	12:00	24	33	32	21	52	Fair	NE	11		1006.8		11	9
Ho_Chi_Minh	11/26/2025	12:00	23	32	31	20	52	Fair	NW	11		1007.8		9	9
Ho_Chi_Minh	11/27/2025	12:00	22	32	31	20	52	Fair	N	13		1007.8		11	9
Ho_Chi_Minh	11/28/2025	12:00	20	29	28	17	51	Fair	N	13		1007.8		11	9
Ho_Chi_Minh	11/29/2025	12:00	21	32	30	20	55	Fair	NNW	13		1007.8		11	9
Ho_Chi_Minh	11/30/2025	12:00	23	33	33	23	55	Fair	SSW	7		1007.8		11	9
Ho_Chi_Minh	12/1/2025	12:00	24	34	33	22	52	Fair	NNE	9		1008.8		11	9
Ho_Chi_Minh	12/2/2025	12:00	26	32	32	23	59	Partly Cloudy	W	9		1008.8		7	9
Ho_Chi_Minh	12/3/2025	12:00	25	32	31	25	70	Light Rain Shower	VAR	9		1008.8		6	8
Ho_Chi_Minh	12/4/2025	12:00	25	29	27	25	89	Partly Cloudy	ESE	20		1009.8		7	9
Ho_Chi_Minh	12/5/2025	12:00	25	32	31	24	66	Partly Cloudy	NW	6		1010.8		7	9
Ho_Chi_Minh	12/6/2025	12:00	23	31	30	21	58	Mostly Cloudy	ENE	7		1010.8		6	9
Ho_Chi_Minh	12/7/2025	12:00	23	32	31	20	52	Fair	VAR	4		1010.8		9	9
Ho_Chi_Minh	12/8/2025	12:00	20	31	30	20	55	Partly Cloudy	SSE	9		1010.8		7	9
Ho_Chi_Minh	12/9/2025	12:00	23	32	30	21	58	Fair	N	11		1009.8		9	9
Ho_Chi_Minh	12/10/2025	12:00	24	31	31	22	58	Mostly Cloudy	NNE	11		1008.8		6	9
Ho_Chi_Minh	12/11/2025	12:00	24	32	30	23	66	Partly Cloudy	ESE	15		1008.8		7	9
Ho_Chi_Minh	12/12/2025	12:00	24	33	33	22	52	Fair	ESE	15		1008.8		9	9
Ho_Chi_Minh	12/13/2025	12:00	25	32	32	25	66	Mostly Cloudy	NW	9		1008.8		6	6
Ho_Chi_Minh	12/14/2025	12:00	25	34	33	22	52	Fair	VAR	6		1008.8		9	9
Ho_Chi_Minh	12/15/2025	12:00	24	32	32	20	49	Fair	VAR	6		1009.8		10	9
Ho_Chi_Minh	12/16/2025	12:00	24	34	33	21	49	Fair	VAR	7		1008.8		9	9
Ho_Chi_Minh	12/17/2025	12:00	25	34	31	23	62	Mist	VAR	4		1009.8		6	5
Ho_Chi_Minh	12/18/2025	12:00	25	33	32	21	52	Fair	NE	6		1009.8		9	9
Ho_Chi_Minh	12/19/2025	12:00	24	34	32	22	55	Partly Cloudy	VAR	7		1007.8		7	9
Ho_Chi_Minh	12/20/2025	12:00	24	33	32	23	59	Mostly Cloudy	VAR	6		1006.8		6	9
Ho_Chi_Minh	12/21/2025	12:00	24	34	32	22	55	Partly Cloudy	VAR	7		1007.8		7	9
Ho_Chi_Minh	12/22/2025	12:00	25	34	32	23	59	Partly Cloudy	VAR	7		1007.8		7	9
Ho_Chi_Minh	12/23/2025	12:00	26	33	31	23	62	Mostly Cloudy	W	9		1007.8		6	9
Ho_Chi_Minh	12/24/2025	12:00	26	32	31	23	62	Mostly Cloudy	WNW	6		1006.8		6	6
Ho_Chi_Minh	12/25/2025	12:00	24	32	31	25	70	Mostly Cloudy	NNE	7		1006.8		6	9
Ho_Chi_Minh	12/26/2025	12:00	24	32	30	20	55	Partly Cloudy	N	6		1008.8		7	9
Ho_Chi_Minh	12/27/2025	12:00	23	30	30	23	66	Mostly Cloudy	W	11		1009.8		6	6
Ho_Chi_Minh	12/28/2025	12:00	24	32	31	21	55	Fair	VAR	4		1009.8		9	9
Ho_Chi_Minh	12/29/2025	12:00	23	32	30	19	51	Fair	E	9		1009.8		9	9
Ho_Chi_Minh	12/30/2025	12:00	22	32	31	17	43	Fair	NE	9		1008.8		9	9
Ho_Chi_Minh	12/31/2025	12:00	22	32	30	19	51	Partly Cloudy	N	9		1007.8		7	9
Ho_Chi_Minh	1/1/2026	12:00	22	32	30	19	51	Partly Cloudy	VAR	4		1009.8		7	9
Ho_Chi_Minh	1/2/2026	12:00	21	32	31	19	49	Fair	VAR	6		1010.8		11	9
Ho_Chi_Minh	1/3/2026	12:00	22	30	29	18	51	Fair	SSE	7		1011.8		11	9
Ho_Chi_Minh	1/4/2026	12:00	21	33	31	17	43	Fair	E	7		1010.8		11	9
Ho_Chi_Minh	1/5/2026	12:00	24	31	31	21	55	Mostly Cloudy	WSW	7		1010.8		6	9
Ho_Chi_Minh	1/6/2026	12:00	24	29	29	22	66	Mostly Cloudy	VAR	6		1011.8		6	9
Ho_Chi_Minh	1/7/2026	12:00	23	31	29	20	58	Partly Cloudy	SE	7		1012.8		8	9
Ho_Chi_Minh	1/8/2026	12:00	21	31	28	18	54	Fair	NE	13		1013.8		11	9
Ho_Chi_Minh	1/9/2026	12:00	18	30	28	15	45	Fair	VAR	11		1013.8		9	9
Ho_Chi_Minh	1/10/2026	12:00	19	29	28	16	48	Partly Cloudy	VAR	7		1012.8		8	9
Ho_Chi_Minh	1/11/2026	12:00	21	29	29	17	48	Mostly Cloudy	VAR	4		1013.8		6	7
Ho_Chi_Minh	1/12/2026	12:00	25	31	30	22	62	Mostly Cloudy	WNW	7		1012.8		6	6
Ho_Chi_Minh	1/13/2026	12:00	24	30	29	22	66	Mostly Cloudy	NW	7		1012.8		6	9
Ho_Chi_Minh	1/14/2026	12:00	23	31	30	21	58	Mostly Cloudy	WSW	9		1011.8		6	9
Ho_Chi_Minh	1/15/2026	12:00	23	32	31	21	55	Partly Cloudy	N	9		1010.8		8	9
Ho_Chi_Minh	1/16/2026	12:00	23	32	30	21	58	Mostly Cloudy	SSW	11		1010.8		6	7
Ho_Chi_Minh	1/17/2026	12:00	22	31	30	21	58	Partly Cloudy	NW	7		1008.8		8	9
Ho_Chi_Minh	1/18/2026	12:00	22	31	30	21	58	Mostly Cloudy	VAR	4		1007.8		6	9
Ho_Chi_Minh	1/19/2026	12:00	23	30	29	21	62	Partly Cloudy	SSW	7		1008.8		8	9
Ho_Chi_Minh	1/20/2026	12:00	22	31	29	20	58	Partly Cloudy	SE	7		1010.8		8	9
Ho_Chi_Minh	1/21/2026	12:00	21	33	32	13	31	Fair	ENE	11		1010.8		12	9
Ho_Chi_Minh	1/22/2026	12:00	22	31	30	17	45	Fair	VAR	7		1012.8		12	9
Ho_Chi_Minh	1/23/2026	12:00	21	33	31	18	46	Fair	VAR	9		1013.8		10	9
Ho_Chi_Minh	1/24/2026	12:00	21	32	30	19	51	Fair	NE	7		1013.8		10	9
Ho_Chi_Minh	1/25/2026	12:00	23	32	30	20	55	Mostly Cloudy	NNE	9		1012.8		6	9
Ho_Chi_Minh	1/26/2026	12:00	22	32	31	19	49	Fair	NNE	7		1012.8		12	9
Ho_Chi_Minh	1/27/2026	12:00	23	32	30	18	48	Fair	VAR	9		1012.8		10	9
Ho_Chi_Minh	1/28/2026	12:00	22	32	30	17	45	Fair	NE	7		1012.8		12	9
Ho_Chi_Minh	1/29/2026	12:00	22	32	30	20	55	Partly Cloudy	N	9		1012.8		8	9
Ho_Chi_Minh	1/30/2026	12:00	23	32	31	20	52	Fair	NW	9		1012.8		10	9
Ho_Chi_Minh	1/31/2026	12:00	24	32	31	20	52	Partly Cloudy	W	9		1012.8		9	9
Ho_Chi_Minh	2/1/2026	12:00	22	33	31	15	38	Fair	NNE	17		1013.8		12	9
Ho_Chi_Minh	2/2/2026	12:00	22	33	32	16	38	Fair	E	15		1012.8		10	9
Ho_Chi_Minh	2/3/2026	12:00	24	33	32	20	49	Fair	S	7		1012.8		10	9
Ho_Chi_Minh	2/4/2026	12:00	25	33	32	21	52	Fair	E	11		1011.8		10	9
Ho_Chi_Minh	2/5/2026	12:00	25	32	30	22	62	Partly Cloudy	WNW	13		1011.8		8	9
Ho_Chi_Minh	2/6/2026	12:00	24	31	29	22	66	Mostly Cloudy	S	13		1011.8		7	9
Ho_Chi_Minh	2/7/2026	12:00	25	32	31	21	55	Fair	S	11		1010.8		12	9
Ho_Chi_Minh	2/8/2026	12:00	24	34	32	19	46	Fair	VAR	7		1011.8		12	9
Ho_Chi_Minh	2/9/2026	12:00	22	34	31	18	46	Fair	ESE	9		1009.8		13	9
Ho_Chi_Minh	2/10/2026	12:00	23	33	31	20	52	Partly Cloudy	WNW	9		1010.8		9	9
Ho_Chi_Minh	2/11/2026	12:00	25	29	27	25	89	Mostly Cloudy	N	9		1013.8		7	9
Ho_Chi_Minh	2/12/2026	12:00	25	33	31	23	62	Partly Cloudy	VAR	4		1011.8		9	9
Ho_Chi_Minh	2/13/2026	12:00	25	34	32	23	59	Partly Cloudy	VAR	6		1008.8		9	9
Ho_Chi_Minh	2/14/2026	12:00	24	35	33	23	55	Mostly Cloudy	VAR	6		1008.8		7	9
Ho_Chi_Minh	2/15/2026	12:00	24	35	31	23	62	Partly Cloudy	NNE	11		1008.8		9	9
Ho_Chi_Minh	2/16/2026	12:00	25	36	35	20	41	Fair	E	17		1008.8		11	9
Ho_Chi_Minh	2/17/2026	12:00	26	36	34	19	41	Fair	VAR	15		1008.8		11	9
Ho_Chi_Minh	2/18/2026	12:00	24	35	35	19	39	Fair	E	20		1009.8		13	9
Ho_Chi_Minh	2/19/2026	12:00	25	35	32	18	43	Fair	E	11		1011.8		13	9
Ho_Chi_Minh	2/20/2026	12:00	25	34	33	21	49	Fair	W	9		1011.8		11	9
Ho_Chi_Minh	2/21/2026	12:00	24	34	32	22	55	Partly Cloudy	VAR	7		1007.8		9	9
Ho_Chi_Minh	2/22/2026	12:00	24	33	31	22	58	Partly Cloudy	VAR	7		1006.8		9	9
Ho_Chi_Minh	2/23/2026	12:00	26	33	31	22	58	Partly Cloudy	VAR	7		1007.8		10	9
Ho_Chi_Minh	2/24/2026	12:00	25	33	31	20	52	Mostly Cloudy	VAR	6		1008.8		7	9
Ho_Chi_Minh	2/25/2026	12:00	26	34	32	22	55	Partly Cloudy	E	11		1008.8		10	9
Ho_Chi_Minh	2/26/2026	12:00	25	29	25	24	94	Light Rain	VAR	4		1007.8		8	9
Ho_Chi_Minh	2/27/2026	12:00	25	31	31	24	66	Mostly Cloudy	SE	15		1006.8		8	9
Ho_Chi_Minh	2/28/2026	12:00	25	33	32	23	59	Mostly Cloudy	SSE	9		1006.8		8	9
Ho_Chi_Minh	3/1/2026	12:00	26	34	31	22	58	Mostly Cloudy	S	9		1006.8		8	9
Ho_Chi_Minh	3/2/2026	12:00	27	34	33	23	55	Fair	VAR	9		1008.8		12	9
Ho_Chi_Minh	3/3/2026	12:00	27	34	32	24	62	Mostly Cloudy	VAR	4		1008.8		8	9
Ho_Chi_Minh	3/4/2026	12:00	27	33	33	24	59	Mostly Cloudy	VAR	7		1008.8		8	9
Ho_Chi_Minh	3/5/2026	12:00	25	33	32	22	55	Partly Cloudy	E	11		1008.8		10	9
Ho_Chi_Minh	3/6/2026	12:00	24	33	32	23	59	Mostly Cloudy	WNW	9		1009.8		8	9
Ho_Chi_Minh	3/7/2026	12:00	23	33	32	22	55	Mostly Cloudy	VAR	9		1009.8		8	9
Ho_Chi_Minh	3/8/2026	12:00	23	33	31	22	58	Mostly Cloudy	WSW	11		1009.8		8	9
Ho_Chi_Minh	3/9/2026	12:00	24	34	31	22	58	Mostly Cloudy	VAR	6		1010.8		8	9
Ho_Chi_Minh	3/10/2026	12:00	25	34	33	22	52	Partly Cloudy	NE	9		1010.8		10	9
Ho_Chi_Minh	3/11/2026	12:00	24	35	32	20	49	Fair	E	7		1009.8		13	9
Ho_Chi_Minh	3/12/2026	12:00	25	33	32	22	55	Mostly Cloudy	VAR	7		1008.8		8	9
Ho_Chi_Minh	3/13/2026	12:00	25	35	31	19	49	Fair	VAR	6		1009.8		13	9
Ho_Chi_Minh	3/14/2026	12:00	25	32	31	22	58	Mostly Cloudy	NE	9		1011.8		8	8
Ho_Chi_Minh	3/15/2026	12:00	24	33	33	21	49	Partly Cloudy	VAR	6		1011.8		10	9
Ho_Chi_Minh	3/16/2026	12:00	25	33	31	21	55	Mostly Cloudy	VAR	6		1010.8		8	9
Ho_Chi_Minh	3/17/2026	12:00	25	34	33	20	46	Fair	VAR	6		1010.8		15	9
Ho_Chi_Minh	3/18/2026	12:00	25	34	32	19	46	Fair	VAR	11		1010.8		15	9
Ho_Chi_Minh	3/19/2026	12:00	25	33	32	21	52	Mostly Cloudy	S	9		1010.8		8	9
Ho_Chi_Minh	3/20/2026	12:00	25	32	30	22	62	Mostly Cloudy	S	11		1010.8		8	9
Ho_Chi_Minh	3/21/2026	12:00	25	33	32	21	52	Partly Cloudy	SE	19		1010.8		11	9
Ho_Chi_Minh	3/22/2026	12:00	25	35	34	19	41	Partly Cloudy	E	19		1009.8		11	9
Ho_Chi_Minh	3/23/2026	12:00	26	36	34	20	44	Fair	VAR	6		1009.8		13	9
Ho_Chi_Minh	3/24/2026	12:00	25	34	33	20	46	Fair	ESE	11		1008.8		13	9
Ho_Chi_Minh	3/25/2026	12:00	25	35	33	19	43	Fair	E	15		1008.8		13	9
Ho_Chi_Minh	3/26/2026	12:00	26	35	33	22	52	Partly Cloudy	VAR	6		1007.8		11	9
Ho_Chi_Minh	3/27/2026	12:00	25	33	31	21	55	Mostly Cloudy	SSE	17		1008.8		8	9
Ho_Chi_Minh	3/28/2026	12:00	25	34	33	21	49	Fair	SE	13		1007.8		16	9
Ho_Chi_Minh	3/29/2026	12:00	26	35	34	23	52	Partly Cloudy	VAR	15		1008.8		11	9
Ho_Chi_Minh	3/30/2026	12:00	26	34	33	22	52	Mostly Cloudy	VAR	6		1009.8		8	9
Ho_Chi_Minh	3/31/2026	12:00	26	35	33	21	49	Fair	VAR	11		1009.8		16	9
Ho_Chi_Minh	4/1/2026	12:00	26	34	33	21	49	Fair	S	11		1009.8		15	9
Ho_Chi_Minh	4/2/2026	12:00	27	34	33	22	52	Partly Cloudy	SE	15		1009.8		10	9
Ho_Chi_Minh	4/3/2026	12:00	26	33	33	21	49	Fair	SSE	17		1008.8		15	9
Ho_Chi_Minh	4/4/2026	12:00	26	35	34	20	44	Partly Cloudy	VAR	7		1007.8		10	9
Ho_Chi_Minh	4/5/2026	12:00	27	36	33	22	52	Partly Cloudy	VAR	11		1006.8		10	9
Ho_Chi_Minh	4/6/2026	12:00	27	35	33	22	52	Fair	VAR	7		1008.8		13	9
Ho_Chi_Minh	4/7/2026	12:00	27	37	34	21	46	Fair	VAR	11		1008.8		13	9
Ho_Chi_Minh	4/8/2026	12:00	28	36	34	23	52	Mostly Cloudy	VAR	6		1008.8		8	9
Ho_Chi_Minh	4/9/2026	12:00	28	35	34	22	49	Partly Cloudy	S	19		1009.8		10	9
Ho_Chi_Minh	4/10/2026	12:00	27	35	33	22	52	Mostly Cloudy	S	9		1010.8		8	9
Ho_Chi_Minh	4/11/2026	12:00	27	35	34	23	52	Partly Cloudy	SW	15		1008.8		10	9
Ho_Chi_Minh	4/12/2026	12:00	27	36	35	23	49	Partly Cloudy	VAR	7		1007.8		10	9
Ho_Chi_Minh	4/13/2026	12:00	28	34	33	23	55	Mostly Cloudy	SE	9		1009.8		8	9
Ho_Chi_Minh	4/14/2026	12:00	28	34	33	24	59	Mostly Cloudy	S	7		1008.8		8	9
Ho_Chi_Minh	4/15/2026	12:00	27	34	32	23	59	Mostly Cloudy	SSE	17		1008.8		8	9
Ho_Chi_Minh	4/16/2026	12:00	27	35	34	23	52	Mostly Cloudy	SE	9		1007.8		8	9
Ho_Chi_Minh	4/17/2026	11:30	28	35	34	23	52	Partly Cloudy	S	13		1008.8		10	9
Ho_Chi_Minh	4/18/2026	12:00	27	34	34	22	49	Fair	VAR	9		1007.8		13	9
Ho_Chi_Minh	4/19/2026	11:30	28	34	33	24	59	Mostly Cloudy	VAR	13		1008.8		8	9
Ho_Chi_Minh	4/20/2026	12:00	28	34	32	22	55	Partly Cloudy	SSE	15		1008.8		10	9
Ho_Chi_Minh	4/21/2026	12:00	27	33	33	21	49	Partly Cloudy	SE	13		1007.8		10	9
Ho_Chi_Minh	4/22/2026	12:00	27	34	32	23	59	Mostly Cloudy	SE	11		1007.8		8	9
Ho_Chi_Minh	4/23/2026	12:00	27	34	34	21	46	Partly Cloudy	S	17		1006.8		10	9
Ho_Chi_Minh	4/24/2026	12:00	27	35	35	22	47	Fair	S	11		1006.8		15	9
Ho_Chi_Minh	4/25/2026	12:00	28	34	33	24	59	Partly Cloudy	SE	15		1008.8		10	9
Ho_Chi_Minh	4/26/2026	12:00	27	36	35	21	44	Partly Cloudy	SSE	13		1007.8		10	9
Ho_Chi_Minh	4/27/2026	12:00	27	36	35	22	47	Fair	SSE	15		1007.8		15	9
Ho_Chi_Minh	4/28/2026	12:00	29	36	35	24	53	Partly Cloudy	S	15		1007.8		10	9
Ho_Chi_Minh	4/29/2026	12:00	28	36	35	22	47	Fair	ESE	13		1008.8		13	9
Ho_Chi_Minh	4/30/2026	12:00	28	37	35	23	49	Partly Cloudy	SE	11		1008.8		10	9
Ho_Chi_Minh	5/1/2026	12:00	28	38	37	20	37	Fair	E	13		1007.8		12	9
Ho_Chi_Minh	5/2/2026	12:00	25	35	35	23	49	Partly Cloudy	ENE	11		1007.8		10	9
Ho_Chi_Minh	5/3/2026	12:00	28	36	35	24	53	Fair	E	15		1007.8		14	9
Ho_Chi_Minh	5/4/2026	12:00	29	36	34	24	56	Partly Cloudy	VAR	11		1008.8		10	9
Ho_Chi_Minh	5/5/2026	12:00	25	35	35	23	49	Partly Cloudy	NE	15		1007.8		10	9
Ho_Chi_Minh	5/6/2026	12:00	26	36	34	23	52	Partly Cloudy	NNE	9		1007.8		10	9
Ho_Chi_Minh	5/7/2026	12:00	28	36	35	23	49	Partly Cloudy	SSE	13		1006.8		10	9
Ho_Chi_Minh	5/8/2026	12:00	29	36	33	24	59	Partly Cloudy	VAR	9		1007.8		10	9
Ho_Chi_Minh	5/9/2026	12:00	28	37	35	25	56	Mostly Cloudy	NE	13		1007.8		8	9
Ho_Chi_Minh	5/10/2026	12:00	28	37	36	23	47	Partly Cloudy	VAR	11		1006.8		10	9
Ho_Chi_Minh	5/11/2026	12:00	28	37	35	24	53	Mostly Cloudy	E	15		1007.8		8	9
Ho_Chi_Minh	5/12/2026	12:00	29	36	35	23	49	Mostly Cloudy	VAR	9		1006.8		7	9
Ho_Chi_Minh	5/13/2026	12:00	29	35	35	24	53	Mostly Cloudy	VAR	6		1005.81		7	9
Ho_Chi_Minh	5/14/2026	12:00	29	37	35	23	49	Mostly Cloudy	VAR	7		1005.81		7	9
Ho_Chi_Minh	5/15/2026	12:00	28	36	36	25	53	Partly Cloudy	SW	13		1004.81		10	9
Ho_Chi_Minh	5/16/2026	12:00	26	37	35	25	56	Fair	VAR	4		1004.81		12	9
Ho_Chi_Minh	5/17/2026	12:00	26	36	35	26	59	Partly Cloudy	SSW	9		1004.81		10	9
Ho_Chi_Minh	5/18/2026	12:00	28	36	35	24	53	Partly Cloudy	SSW	15		1004.81		10	9
Ho_Chi_Minh	5/19/2026	12:00	27	34	27	27	100	Light Rain	W	11		1004.81		7	8
Ho_Chi_Minh	5/20/2026	12:00	29	34	33	26	66	Mostly Cloudy	SSE	17		1005.81		7	9
Ho_Chi_Minh	5/21/2026	12:00	26	31	28	26	89	Light Rain	SSW	15		1007.8		7	9
Ho_Chi_Minh	5/22/2026	12:00	28	35	34	24	56	Mostly Cloudy	VAR	11		1007.8		7	9
Ho_Chi_Minh	5/23/2026	12:00	28	35	35	24	53	Mostly Cloudy	W	7		1008.8		7	9
Ho_Chi_Minh	5/24/2026	12:00	27	35	35	25	56	Partly Cloudy	W	11		1009.8		9	9
Ho_Chi_Minh	5/25/2026	12:00	26	37	35	25	56	Partly Cloudy	W	13		1007.8		9	9
Ho_Chi_Minh	5/26/2026	12:00	29	36	35	25	56	Mostly Cloudy	WNW	13		1006.8		7	9
Ho_Chi_Minh	5/27/2026	12:00	29	35	34	25	59	Mostly Cloudy	W	19		1007.8		7	9
Ho_Chi_Minh	5/28/2026	12:00	26	35	33	25	63	Partly Cloudy	VAR	6		1007.8		9	9
Ho_Chi_Minh	5/29/2026	12:00	24	28	26	24	89	Rain Shower	NNE	22		1008.8		7	7
Ho_Chi_Minh	5/30/2026	12:00	25	31	30	25	74	Mostly Cloudy	WNW	9		1007.8		7	9
Ho_Chi_Minh	5/31/2026	12:00	25	30	29	25	79	Light Rain	N	7		1007.8		7	9
Ho_Chi_Minh	6/1/2026	12:00	26	32	31	24	66	Mostly Cloudy	VAR	2		1007.8		7	9
Ho_Chi_Minh	6/2/2026	12:00	25	32	30	26	79	Light Rain	WSW	15		1005.81		7	9
Ho_Chi_Minh	6/3/2026	12:00	25	32	30	25	74	Mostly Cloudy	W	20		1005.81		7	9
Ho_Chi_Minh	6/4/2026	12:00	27	34	33	26	66	Mostly Cloudy	SW	26		1005.81		7	9
